"ID","Name","Description","Parent"
"1_splatus:blowgun","1_splatus:blowgun","<null>","-"
"1_splatus:electric_staff","[]","","-"
"1_splatus:endlight","1_splatus:endlight","<null>","-"
"1_splatus:fire_staff","[]","","-"
"1_splatus:ice_staff","[]","","-"
"1_splatus:magmus_charger","1_splatus:magmus_charger","<null>","-"
"1_splatus:spellbound_all_weapons","[Spellbound Master]","Obtain every Spellbound Weapon","minecraft:adventure/kill_a_mob"
"1_splatus:unlocked/blowgun","1_splatus:unlocked/blowgun","<null>","-"
"1_splatus:unlocked/crucible","1_splatus:unlocked/crucible","<null>","-"
"1_splatus:unlocked/golden_sea_blade","1_splatus:unlocked/golden_sea_blade","<null>","-"
"1_splatus:unlocked/magmus_charger","1_splatus:unlocked/magmus_charger","<null>","-"
"1_splatus:unlocked/moonlight_edge","1_splatus:unlocked/moonlight_edge","<null>","-"
"1_splatus:unlocked/nether_staffs","1_splatus:unlocked/nether_staffs","<null>","-"
"1_splatus:unlocked/thorn_blossom","1_splatus:unlocked/thorn_blossom","<null>","-"
"1_splatus:unlocked/windsweeper","1_splatus:unlocked/windsweeper","<null>","-"
"1_splatus:used_shield","1_splatus:used_shield","<null>","-"
"1_splatus:weapon/a","1_splatus:weapon/a","<null>","-"
"1_splatus:weapon/blazeblade","1_splatus:weapon/blazeblade","<null>","-"
"1_splatus:weapon/blowgun","1_splatus:weapon/blowgun","<null>","-"
"1_splatus:weapon/crucible","1_splatus:weapon/crucible","<null>","-"
"1_splatus:weapon/dagger","1_splatus:weapon/dagger","<null>","-"
"1_splatus:weapon/end_excalibur","1_splatus:weapon/end_excalibur","<null>","-"
"1_splatus:weapon/evokers_wrath","1_splatus:weapon/evokers_wrath","<null>","-"
"1_splatus:weapon/moonlight_edge","1_splatus:weapon/moonlight_edge","<null>","-"
"alexsmobs:alexsmobs/acacia_blossom","[Flowers of the Savanna]","Obtain an Acacia Blossom from breaking Acacia Leaves","alexsmobs:alexsmobs/root"
"alexsmobs:alexsmobs/alligator_snapping_turtle","[Alligator In Name Only]","Encounter an Alligator Snapping Turtle","alexsmobs:alexsmobs/crocodile"
"alexsmobs:alexsmobs/bald_eagle_challenge","[Winning Play]","Kill any creature from 100 blocks away with an eagle wearing a hood.","alexsmobs:alexsmobs/falconry_hood"
"alexsmobs:alexsmobs/banana","[Gone Bananas!]","Obtain a Banana","alexsmobs:alexsmobs/root"
"alexsmobs:alexsmobs/banana_slug","[Convergent Evolution...]","Encounter a Banana Slug. Not so appetising.","alexsmobs:alexsmobs/banana"
"alexsmobs:alexsmobs/bison_spyglass","[Perfect View in the Plains]","Observe a Bison through the lens of a Spyglass.","alexsmobs:alexsmobs/root"
"alexsmobs:alexsmobs/blood_sprayer","[Spray 'n Pray]","Craft a Blood Sprayer from the drops of a Crimson Mosquito","alexsmobs:alexsmobs/crimson_mosquito"
"alexsmobs:alexsmobs/breed_anteater","[Aunt Anteater]","Breed two Anteaters by feeding them pupae.","alexsmobs:alexsmobs/leafcutter_ant_pupa"
"alexsmobs:alexsmobs/breed_crocodile","[Crikey!]","Breed two crocodiles with rotten flesh. Careful not to trample their eggs!","alexsmobs:alexsmobs/crocodile"
"alexsmobs:alexsmobs/breed_froststalker","[Undercover Under Covers]","Breed two Froststalkers with porkchops.","alexsmobs:alexsmobs/froststalker_helmet"
"alexsmobs:alexsmobs/breed_hummingbird","[Sugar Rush]","Breed two hummingbirds with flowers","alexsmobs:alexsmobs/root"
"alexsmobs:alexsmobs/capsid","[Capsid-19]","Obtain a Capsid from a slain Enderiophage. Use it to display items or to transfer them upwards","alexsmobs:alexsmobs/enderiophage"
"alexsmobs:alexsmobs/cosmic_cod","[Weird Fishes/Arpeggi]","Create a Cosmic Cod by placing a Cod in a Capsid.","alexsmobs:alexsmobs/capsid"
"alexsmobs:alexsmobs/crimson_mosquito","[Nightmare Fuel]","Encounter a crimson mosquito","alexsmobs:alexsmobs/root"
"alexsmobs:alexsmobs/crimson_mosquito_larva","[Pest Control]","Craft a Crimson Mosquito Larvae from a maggot and a special proboscis","alexsmobs:alexsmobs/crimson_mosquito"
"alexsmobs:alexsmobs/crimson_mosquito_sick","[Down with the Sickness]","Feed a Crimson Mosquito a strange, fungal creature covered in Warped Fungus. Watch as the Crimson Mosquito transforms!","alexsmobs:alexsmobs/crimson_mosquito"
"alexsmobs:alexsmobs/crocodile","[Chompy]","Encounter a Crocodile","alexsmobs:alexsmobs/root"
"alexsmobs:alexsmobs/crocodile_chestplate","[Cover me with... scutes?]","Craft a crocodile chestplate from many crocodile scutes","alexsmobs:alexsmobs/breed_crocodile"
"alexsmobs:alexsmobs/devils_hole_pupfish_bucket","[One Chunk Fish]","Capture the rarest fish in a bucket.","alexsmobs:alexsmobs/strange_fish_finder"
"alexsmobs:alexsmobs/dimensional_carver","[Break On Through...]","Using the drops of the Void Worm, create the Dimensional Carver, which allows you to dig through the fabric of reality to return home at any given point.","alexsmobs:alexsmobs/void_worm_kill"
"alexsmobs:alexsmobs/echolocator","[Echo-muh-cation!]","Craft an Echolocator, which can reveal nearby caves","alexsmobs:alexsmobs/save_cachalot_whale"
"alexsmobs:alexsmobs/elephant_swag","[Dressed to Impress]","Place a colored carpet on an elephant","alexsmobs:alexsmobs/tame_elephant"
"alexsmobs:alexsmobs/emu","[It's an Emu!!!]","Encounter an Emu. Exercise caution.","alexsmobs:alexsmobs/kangaroo"
"alexsmobs:alexsmobs/emu_dodge","[Begun, The Emu War Has]","See an emu dodge a launched projectile.","alexsmobs:alexsmobs/emu"
"alexsmobs:alexsmobs/ender_flu","[Race Against The Clock]","Catch the Ender Flu effect. Cure it by eating many Chorus Fruit or drinking milk. Be sure not to let it run its toll!","alexsmobs:alexsmobs/enderiophage"
"alexsmobs:alexsmobs/enderiophage","[Ender Distancing]","Encounter an Enderiophage, a giant biomechanical construct found in the End Midlands. Be careful not to catch Ender Flu!","alexsmobs:alexsmobs/root"
"alexsmobs:alexsmobs/enderiophage_rocket","[Ad End-stra]","Craft an Enderiophage Rocket, which can be used in place of Firework Rockets when in the End.","alexsmobs:alexsmobs/capsid"
"alexsmobs:alexsmobs/endolocator","[No End In Signt]","Craft an Endolocator, which can reveal nearby End Portal Frames","alexsmobs:alexsmobs/echolocator"
"alexsmobs:alexsmobs/falconry_glove","[Hand In Glove]","Craft a Falconry Glove from Leather and Hair of Bear. Use it to pick up and launch tamed eagles!","alexsmobs:alexsmobs/tame_bald_eagle"
"alexsmobs:alexsmobs/falconry_hood","[Blindsided]","Craft a Falconry Hood from Leather and a Roadrunner Feather. Eagles wearing one can be manually directed!","alexsmobs:alexsmobs/falconry_glove"
"alexsmobs:alexsmobs/farseer","[Farland Security]","Encounter the Farseer, a monstrous defender of the world border.","alexsmobs:alexsmobs/shattered_dimensional_carver"
"alexsmobs:alexsmobs/fish_bones","[A Bone to Pick]","Obtain Fish Bones from a Skelewag.","alexsmobs:alexsmobs/skelewag"
"alexsmobs:alexsmobs/froststalker_helmet","[An Impostor Amoung Us]","Craft a Froststalker Helmet to walk amongst Froststalkers undetected.","alexsmobs:alexsmobs/froststalker_kill"
"alexsmobs:alexsmobs/froststalker_kill","[Ice Scream]","Slay a Froststalker.","alexsmobs:alexsmobs/root"
"alexsmobs:alexsmobs/ghostly_pickaxe","[Ghost! Ghost! Toast?]","Obtain a Ghostly Pickaxe from an Underminer.","alexsmobs:alexsmobs/underminer"
"alexsmobs:alexsmobs/gongylidia","[Like a Truffle, with more Ant]","Harvest Gongylidia from a Leafcutter Ant Chamber underground. Place Shroomlight near the chamber to make sure you don't upset the locals","alexsmobs:alexsmobs/stomp_leafcutter_anthill"
"alexsmobs:alexsmobs/grizzly_bear","[Pic-A-Nic Basket?]","Encounter a Grizzly Bear","alexsmobs:alexsmobs/root"
"alexsmobs:alexsmobs/guster","[Eye of The Storm]","Encounter a Guster during a stormy day in the desert","alexsmobs:alexsmobs/root"
"alexsmobs:alexsmobs/gustmaker","[I Am Become Guster]","Craft a Gustmaker. Now you can make your own mini-storms!","alexsmobs:alexsmobs/guster"
"alexsmobs:alexsmobs/hemolymph_blaster","[Blast from the... Future?]","Craft a Hemolyph Blaster, the ultimate upgrade to the Blood Sprayer.","alexsmobs:alexsmobs/warped_mosco_kill"
"alexsmobs:alexsmobs/hummingbird_feeder","[Sugar... In Wator...]","Craft a Hummingbird Feeder in order to keep hummingbirds nearby","alexsmobs:alexsmobs/breed_hummingbird"
"alexsmobs:alexsmobs/kangaroo","[We do a little trolling...]","Encounter a Kangaroo","alexsmobs:alexsmobs/root"
"alexsmobs:alexsmobs/la_cucaracha","[Mariachi!]","Give a Maraca to a cockroach and enjoy the show. ¡La Cucaracha!","alexsmobs:alexsmobs/maraca"
"alexsmobs:alexsmobs/laviathan_four_passengers","[Mass Transit]","Ride a Laviathan with three other passengers.","alexsmobs:alexsmobs/straddle_saddle"
"alexsmobs:alexsmobs/laviathan_spyglass","[Loch-Nether Monster!]","Observe a Laviathan through the lens of a Spyglass.","alexsmobs:alexsmobs/root"
"alexsmobs:alexsmobs/leafcutter_ant_pupa","[Ant Farm]","Obtain a Leafcutter Ant Pupa, which can be placed on dirt to start a Leafcutter Ant colony.","alexsmobs:alexsmobs/gongylidia"
"alexsmobs:alexsmobs/lost_tentacle","[A Small Price to Pay...]","Obtain a Lost Tentacle from a battle between two titans.","alexsmobs:alexsmobs/root"
"alexsmobs:alexsmobs/maned_wolf_apple","[Hungry For Apples?]","Feed a Maned Wolf an apple.","alexsmobs:alexsmobs/root"
"alexsmobs:alexsmobs/mantis_shrimp_bucket","[A Fistful of Water]","Sneak and give a tamed Mantis Shrimp a bucket of water so that it can live on land indefinitely","alexsmobs:alexsmobs/tame_mantis_shrimp"
"alexsmobs:alexsmobs/maraca","[Mariachi?]","Craft a Maraca with a Rattlesnake rattle","alexsmobs:alexsmobs/rattlesnake"
"alexsmobs:alexsmobs/murmur","[Flexible Schedule]","Encounter the Murmur, which is not as it seems.","alexsmobs:alexsmobs/root"
"alexsmobs:alexsmobs/mysterious_worm","[Destroy The Child]","Create a Mysterious Worm by putting a Crimson Mosquito Larva in a Capsid.","alexsmobs:alexsmobs/capsid"
"alexsmobs:alexsmobs/novelty_hat","[He Was Number One!]","Obtain a Novelty Hat from a Skelewag.","alexsmobs:alexsmobs/skelewag_skull"
"alexsmobs:alexsmobs/orcas_might","[Free Willy]","Be granted a blessing from a wild Orca","alexsmobs:alexsmobs/root"
"alexsmobs:alexsmobs/pocket_sand","[Pocket Sand!]","Craft a Pocket Of Sand. Sha-sha!","alexsmobs:alexsmobs/guster"
"alexsmobs:alexsmobs/rainbow_glass","[Rainbow Road]","Craft Rainbow Glass from Rainbow Jelly and Glass.","alexsmobs:alexsmobs/rainbow_jelly"
"alexsmobs:alexsmobs/rainbow_jelly","[Taste the Rainbow]","Obtain Rainbow Jelly from a Comb Jelly. Use a sponge if you don't like what happens...","alexsmobs:alexsmobs/root"
"alexsmobs:alexsmobs/rattlesnake","[No Step on Snake]","Encounter a Rattlesnake","alexsmobs:alexsmobs/root"
"alexsmobs:alexsmobs/rocky_chestplate","[You're too Slow!]","Craft a Rock Shell Chestplate to roll into a ball.","alexsmobs:alexsmobs/rocky_shell"
"alexsmobs:alexsmobs/rocky_roller","[KEEP ROLLIN' ROLLIN' ROLLIN']","Encounter a Rocky Roller in the dripstone caves.","alexsmobs:alexsmobs/root"
"alexsmobs:alexsmobs/rocky_shell","[Rocks Off!]","Obtain a Rocky Shell from slaying a Rocky Roller.","alexsmobs:alexsmobs/rocky_roller"
"alexsmobs:alexsmobs/root","[Alex's Mobs]","Discover the unique creatures of the world","-"
"alexsmobs:alexsmobs/save_cachalot_whale","[Save the Whales!]","Save a beached Cachalot Whale by pushing it into the water, and then have it reward you by coughing up some Ambergris","alexsmobs:alexsmobs/root"
"alexsmobs:alexsmobs/sculk_boomer","[Ok Boomer]","Craft a Sculk Boomer using the souls of a few Skreechers.","alexsmobs:alexsmobs/skreecher"
"alexsmobs:alexsmobs/seagull_steal","[Mine? Mine? Mine?]","Have food stolen from your inventory by a seagull.","alexsmobs:alexsmobs/root"
"alexsmobs:alexsmobs/shattered_dimensional_carver","[Ticket to the End of the World]","Shatter a Dimensional Carver by placing it in a Capsid. Instead of opening a portal home, it will now open a portal one million blocks in any direction.","alexsmobs:alexsmobs/dimensional_carver"
"alexsmobs:alexsmobs/skelewag","[We Just Want our Hat Back]","Encounter a Skelewag near a sunken ship.","alexsmobs:alexsmobs/root"
"alexsmobs:alexsmobs/skelewag_skull","[Smitty WerbenJagerManJensen]","Take a sword-like skull from a Skelewag.","alexsmobs:alexsmobs/skelewag"
"alexsmobs:alexsmobs/skreecher","[Sculk Cymbal]","Encounter the Skreecher, a loud and obnoxious sculk monster.","alexsmobs:alexsmobs/root"
"alexsmobs:alexsmobs/skunk","[Hippie Smell]","Get sprayed by a Skunk.","alexsmobs:alexsmobs/root"
"alexsmobs:alexsmobs/sopa_de_macaco","[Uma Delicia]","Craft sopa de macaco with a banana peel","alexsmobs:alexsmobs/tame_capuchin"
"alexsmobs:alexsmobs/soul_heart","[The Soul-ly Ghost]","Obtain a soul heart from slaying a bloated Soul Vulture","alexsmobs:alexsmobs/soul_vulture"
"alexsmobs:alexsmobs/soul_vulture","[Fetch Me Their Souls!]","Encounter a Soul Vulture in the nether","alexsmobs:alexsmobs/root"
"alexsmobs:alexsmobs/spectre","[The Iron Curtain]","Lure a Spectre in the end with a Soul Heart. Use a lead on them to hitch a ride!","alexsmobs:alexsmobs/soul_heart"
"alexsmobs:alexsmobs/spiked_scute","[Shear the Scute]","Shear a moss-covered Alligator Snapping Turtle and obtain a Spiked Scute","alexsmobs:alexsmobs/alligator_snapping_turtle"
"alexsmobs:alexsmobs/spiked_turtle_shell","[Turtle-ology Majors Be Like]","Craft a Spiked Turtle Shell","alexsmobs:alexsmobs/spiked_scute"
"alexsmobs:alexsmobs/squid_grapple","[... for Salvation]","Craft a Grappling Squok from Lost Tentacles, a crossbow and copper ingots.","alexsmobs:alexsmobs/lost_tentacle"
"alexsmobs:alexsmobs/stink_bottle","[Gamer Skunk Bath Water]","Capture skunk spray using a glass bottle.","alexsmobs:alexsmobs/skunk"
"alexsmobs:alexsmobs/stink_ray","[I SAID DART GUN!]","Craft a Stink Ray.","alexsmobs:alexsmobs/stink_bottle"
"alexsmobs:alexsmobs/stomp_leafcutter_anthill","[Ant-Agonizer]","Stomp on a Leafcutter Anthill - beware the angry denizens within!","alexsmobs:alexsmobs/root"
"alexsmobs:alexsmobs/straddle_saddle","[The Family Sedan]","Craft a Straddlite Saddle. Don't forget the trim!","alexsmobs:alexsmobs/straddler"
"alexsmobs:alexsmobs/straddleboard","[Surf Wax America]","Craft a Straddleboard from some Netherite and Straddlerite.","alexsmobs:alexsmobs/straddler"
"alexsmobs:alexsmobs/straddler","[Straddle My Ol' Saddle]","Encounter a Straddler in the Basalt Deltas.","alexsmobs:alexsmobs/root"
"alexsmobs:alexsmobs/stradpole_feed","[Like Father]","Feed a Stradpole some Mosquito Larva, in hopes of turning it into a Straddler.","alexsmobs:alexsmobs/straddler"
"alexsmobs:alexsmobs/strange_fish_finder","[The Quest for the Best]","Craft a Strange Fish Finder from slimeballs, Fish Bones and an Echolocator.","alexsmobs:alexsmobs/fish_bones"
"alexsmobs:alexsmobs/sunbird_blessing","[The Power of the Sun]","Receive a blessing from the great and noble sunbird","alexsmobs:alexsmobs/root"
"alexsmobs:alexsmobs/tame_bald_eagle","[Freedom Intensifies]","Tame a bald eagle with fish oil.","alexsmobs:alexsmobs/root"
"alexsmobs:alexsmobs/tame_capuchin","[Monkey Business]","Tame a capuchin monkey with bananas","alexsmobs:alexsmobs/banana"
"alexsmobs:alexsmobs/tame_cosmaw","[Its a Fish? Its a Bug? What is it?]","Tame a Cosmaw by feeding it Cosmic Cod.","alexsmobs:alexsmobs/cosmic_cod"
"alexsmobs:alexsmobs/tame_elephant","[Stampy!]","Tame an elephant by feeding it Acacia Blossoms","alexsmobs:alexsmobs/acacia_blossom"
"alexsmobs:alexsmobs/tame_elephant_tusked","[The Biggest Land Mammal]","Tame a tusked elephant when it is a baby","alexsmobs:alexsmobs/tame_elephant"
"alexsmobs:alexsmobs/tame_flutter","[A Picky Fellow]","Tame a Flutter by giving it multiple kinds of flowers.","alexsmobs:alexsmobs/root"
"alexsmobs:alexsmobs/tame_gorilla","[In Memoriam]","Tame a gorilla with bananas","alexsmobs:alexsmobs/banana"
"alexsmobs:alexsmobs/tame_grizzly_bear","[Arcturus!]","Tame a Grizzly Bear by feeding it honey and salmon","alexsmobs:alexsmobs/grizzly_bear"
"alexsmobs:alexsmobs/tame_mantis_shrimp","[Shrimp Friend]","Tame a Mantis Shrimp with many feedings of Tropical Fish","alexsmobs:alexsmobs/root"
"alexsmobs:alexsmobs/tame_tarantula_hawk","[Big Iron]","Tame a Tarantula Hawk by feeding it Spider Eyes.","alexsmobs:alexsmobs/tarantula_hawk"
"alexsmobs:alexsmobs/tame_warped_toad","[It Is Wednesday]","Tame a Warped Toad, the perfect defense against any giant bug, with some larvae","alexsmobs:alexsmobs/crimson_mosquito_larva"
"alexsmobs:alexsmobs/tarantula_hawk","[Rigged from the Start]","Encounter a Tarantula Hawk in a desert.","alexsmobs:alexsmobs/root"
"alexsmobs:alexsmobs/tigers_blessing","[Eye of the Tiger]","Receive a Tiger's Blessing after feeding it Porkchops, Chicken or other meats.","alexsmobs:alexsmobs/root"
"alexsmobs:alexsmobs/transmutation_table","[Reality Can Be Whatever I Want]","Craft a Transmutation Table to convert materials into almost anything.","alexsmobs:alexsmobs/farseer"
"alexsmobs:alexsmobs/transmute_1000_items","[Nonequivalent Exchange]","Transmute 1000 items using the same Transmutation Table.","alexsmobs:alexsmobs/transmutation_table"
"alexsmobs:alexsmobs/underminer","[Who Undermines the Underminer?]","Break the block an Underminer is mining, revealing a hidden ore","alexsmobs:alexsmobs/root"
"alexsmobs:alexsmobs/void_worm_kill","[Wormy]","Destroy the Void Worm.","alexsmobs:alexsmobs/void_worm_summon"
"alexsmobs:alexsmobs/void_worm_split","[Should've Gone for the Head]","Split a void worm in half by attacking one of its body segments. More worms, more problems!","alexsmobs:alexsmobs/void_worm_summon"
"alexsmobs:alexsmobs/void_worm_summon","[A Soul for a Soul]","Toss the Mysterious Worm into the void of the End, and prepare to meet the Void Worm.","alexsmobs:alexsmobs/mysterious_worm"
"alexsmobs:alexsmobs/warped_mosco_kill","[Destroyer of Chads]","Slay the Warped Mosco, the swole defender of the Warped Forest.","alexsmobs:alexsmobs/crimson_mosquito_sick"
"autumnity:husbandry/cure_foul_taste","[Finally, Some Good Food]","Eat something good after eating foul berries","minecraft:husbandry/plant_seed"
"autumnity:husbandry/fungivore_diet","[A Fungivore Diet]","Feed a snail every type of mushroom and fungus","minecraft:husbandry/breed_an_animal"
"autumnity:husbandry/sneaky_protection","[Sneaky Protection]","Construct a snail shell chestplate","minecraft:husbandry/breed_an_animal"
"betterdeserttemples:root","[YUNG's Better Desert Temples]","Somewhere deep in the desert...","-"
"betterdeserttemples:temple_clear","[Eternal Slumber]","Slay the Pharaoh and free the Temple from his curse","betterdeserttemples:temple_entry"
"betterdeserttemples:temple_entry","[An Ancient Tomb]","Discover a Better Desert Temple","betterdeserttemples:root"
"betterdungeons:all_dungeons","[Professional Dungeoneer]","Explore all of the Better Dungeons!","betterdungeons:root"
"betterdungeons:root","[YUNG's Better Dungeons]","Adventure awaits...","-"
"betterdungeons:skeleton_dungeon","[A Bone to Pick]","Enter a Fortress of the Undead","betterdungeons:root"
"betterdungeons:small_dungeon","[Quite the Renovation]","Find an upgraded Monster Room","betterdungeons:root"
"betterdungeons:small_nether_dungeon","[A Special Addition]","Find a Small Nether Dungeon","betterdungeons:root"
"betterdungeons:spider_dungeon","[Cobweb Entanglement]","Discover a Spider Cave","betterdungeons:root"
"betterdungeons:zombie_dungeon","[When in Rome]","Set foot in a Catacomb","betterdungeons:root"
"biomesoplenty:biomesoplenty/all_biomes","[Wanderer]","Discover every biome in Biomes O' Plenty","biomesoplenty:biomesoplenty/root"
"biomesoplenty:biomesoplenty/root","[Biomes O' Plenty]","Explore the world around you","-"
"corail_woodcutter:recipes/from_acacia_planks","corail_woodcutter:recipes/from_acacia_planks","<null>","corail_woodcutter:recipes/root"
"corail_woodcutter:recipes/from_birch_planks","corail_woodcutter:recipes/from_birch_planks","<null>","corail_woodcutter:recipes/root"
"corail_woodcutter:recipes/from_cherry_planks","corail_woodcutter:recipes/from_cherry_planks","<null>","corail_woodcutter:recipes/root"
"corail_woodcutter:recipes/from_crimson_planks","corail_woodcutter:recipes/from_crimson_planks","<null>","corail_woodcutter:recipes/root"
"corail_woodcutter:recipes/from_dark_oak_planks","corail_woodcutter:recipes/from_dark_oak_planks","<null>","corail_woodcutter:recipes/root"
"corail_woodcutter:recipes/from_dead_planks","corail_woodcutter:recipes/from_dead_planks","<null>","corail_woodcutter:recipes/root"
"corail_woodcutter:recipes/from_fir_planks","corail_woodcutter:recipes/from_fir_planks","<null>","corail_woodcutter:recipes/root"
"corail_woodcutter:recipes/from_hellbark_planks","corail_woodcutter:recipes/from_hellbark_planks","<null>","corail_woodcutter:recipes/root"
"corail_woodcutter:recipes/from_jacaranda_planks","corail_woodcutter:recipes/from_jacaranda_planks","<null>","corail_woodcutter:recipes/root"
"corail_woodcutter:recipes/from_jungle_planks","corail_woodcutter:recipes/from_jungle_planks","<null>","corail_woodcutter:recipes/root"
"corail_woodcutter:recipes/from_magic_planks","corail_woodcutter:recipes/from_magic_planks","<null>","corail_woodcutter:recipes/root"
"corail_woodcutter:recipes/from_mahogany_planks","corail_woodcutter:recipes/from_mahogany_planks","<null>","corail_woodcutter:recipes/root"
"corail_woodcutter:recipes/from_mangrove_planks","corail_woodcutter:recipes/from_mangrove_planks","<null>","corail_woodcutter:recipes/root"
"corail_woodcutter:recipes/from_oak_planks","corail_woodcutter:recipes/from_oak_planks","<null>","corail_woodcutter:recipes/root"
"corail_woodcutter:recipes/from_palm_planks","corail_woodcutter:recipes/from_palm_planks","<null>","corail_woodcutter:recipes/root"
"corail_woodcutter:recipes/from_redwood_planks","corail_woodcutter:recipes/from_redwood_planks","<null>","corail_woodcutter:recipes/root"
"corail_woodcutter:recipes/from_spruce_planks","corail_woodcutter:recipes/from_spruce_planks","<null>","corail_woodcutter:recipes/root"
"corail_woodcutter:recipes/from_umbran_planks","corail_woodcutter:recipes/from_umbran_planks","<null>","corail_woodcutter:recipes/root"
"corail_woodcutter:recipes/from_warped_planks","corail_woodcutter:recipes/from_warped_planks","<null>","corail_woodcutter:recipes/root"
"corail_woodcutter:recipes/from_willow_planks","corail_woodcutter:recipes/from_willow_planks","<null>","corail_woodcutter:recipes/root"
"corail_woodcutter:recipes/root","corail_woodcutter:recipes/root","<null>","-"
"corn_delight:classic_corndog","[Classic Corn Dog]","Put ketchup on corn dog, delicious.","corn_delight:corndog"
"corn_delight:corn","[Actually Maize]","Got your first maize","corn_delight:root"
"corn_delight:corn_knowleage","[Master Corn Knowledge]","Got every foods in Corn Delight, congratulations!","corn_delight:corn"
"corn_delight:cornbread","[Classic Cornbread]","Got cornbread","corn_delight:corn"
"corn_delight:corndog","[Plain Corn Dog]","Got a corn dog","corn_delight:corn"
"corn_delight:nachos","[#nachocrime]","Got Nachos","corn_delight:tortilla"
"corn_delight:popcorn","[Popcorn]","Got some popcorns","corn_delight:corn"
"corn_delight:popcorn_party","[Popcorn Party Time]","Host a popcorn party!","corn_delight:popcorn"
"corn_delight:root","[Kernal of Knowledge]","Got some corn kernals","-"
"corn_delight:stuffing_chef","[Stuffing Chef]","Got Cornbread Stuffing and Stuffed Pumpkin","corn_delight:cornbread"
"corn_delight:taco","[Taco Town!]","Got Taco","corn_delight:tortilla"
"corn_delight:tortilla","[Tortilla]","Got Tortilla","corn_delight:corn"
"culturaldelights:pickle","[Funniest thing I've ever seen!]","Pickle a cucumber in the fermenter","farmersdelight:main/craft_knife"
"endlessbiomes:a_noble_sacrifice","[A Noble Sacrifice]","Sacrifice yourself to a ruinous altar","minecraft:end/enter_end_gateway"
"endlessbiomes:crazy_bottlefulof_nothin","[Crazy Bottleful of Nothin']","Bottle some concentrated void air","endlessbiomes:a_noble_sacrifice"
"endlessbiomes:enter_the_void","[Enter the Void]","Enter the void and escape safely with a loaded core","endlessbiomes:little_green_men"
"endlessbiomes:frick_the_portals","[F*** THE PORTALS]","Tired of switching dimensions with stupid portals? Wanted to do it your own way? Well have you considered drinking a bottle of magical air you found lying on the ground instead? Sign up now at...","endlessbiomes:crazy_bottlefulof_nothin"
"endlessbiomes:glowing_green_rocks","[Glowing Green Rocks]","Collect some riftite shards","minecraft:end/root"
"endlessbiomes:its_aliveeeeee","[It's aliveeeeee!]","Summon a sentinel","minecraft:end/enter_end_gateway"
"endlessbiomes:little_green_men","[Little Green Men]","Feed a shiftling some riftite","endlessbiomes:glowing_green_rocks"
"endlessbiomes:the_darkest_hour","[The Darkest Hour]","Fail to use a netherite hoe on some dirt, ""Look upon my hoe ye mighty and despair"" - Ozymandias","minecraft:husbandry/obtain_netherite_hoe"
"endlessbiomes:unavoidable","[Una-VOID-able]","Use a void-touched blade to strike a mob from your offhand","endlessbiomes:a_noble_sacrifice"
"endlessbiomes:volcanic_glass","[Volcanic Glass]","Shattered? Glass? Ohhh I get it!!!","endlessbiomes:a_noble_sacrifice"
"farmersdelight:main/craft_knife","[Hunt and Gather]","Craft a Knife to scavenge extra goods from plants and animals","farmersdelight:main/root"
"farmersdelight:main/eat_comfort_food","[Comforting!]","Warm bowl meals will keep you healing steadily, no matter how hungry you are!","farmersdelight:main/place_cooking_pot"
"farmersdelight:main/eat_nourishing_food","[Nourishing!]","Plated meals will prevent you from getting exhausted or hungry for a while!","farmersdelight:main/eat_comfort_food"
"farmersdelight:main/get_fd_seed","[Crops of the Wild]","Four new crops may be found in the wild, across many climates... or maybe in a chest somewhere.","farmersdelight:main/root"
"farmersdelight:main/get_ham","[Wild Butcher]","Use a Knife to extract Ham from Pigs or Hoglins","farmersdelight:main/craft_knife"
"farmersdelight:main/get_mushroom_colony","[Fungus Among Us]","Shear a fully mature Mushroom Colony. To grow them like this, you'll need a very rich soil...","farmersdelight:main/get_fd_seed"
"farmersdelight:main/get_rich_soil","[Plant Food]","Organic Compost slowly decays into Rich Soil, an upgrade for your farms!","farmersdelight:main/place_organic_compost"
"farmersdelight:main/harvest_ropelogged_tomato","[Tall-mato]","Hang some rope above a tomato crop to make it grow taller","farmersdelight:main/get_fd_seed"
"farmersdelight:main/harvest_straw","[Grasping at Straws]","Harvest grass, wheat or rice with a Knife to collect Straw","farmersdelight:main/craft_knife"
"farmersdelight:main/hit_raider_with_rotten_tomato","[Boo! Hiss!]","Throw a Rotten Tomato at one of these pesky raiders!","farmersdelight:main/harvest_ropelogged_tomato"
"farmersdelight:main/master_chef","[Master Chef]","Eat a course of every meal available!","farmersdelight:main/place_feast"
"farmersdelight:main/obtain_netherite_knife","[If You Can't Take the Heat...]","Spend a whole Netherite Ingot to upgrade your knife! Or get out of the kitchen.","farmersdelight:main/use_cutting_board"
"farmersdelight:main/place_campfire","[Bonfire Lit]","Place down a Campfire to cook some food","farmersdelight:main/root"
"farmersdelight:main/place_cooking_pot","[Dinner's Served!]","Put down a Cooking Pot and start preparing meals!","farmersdelight:main/place_campfire"
"farmersdelight:main/place_feast","[A Glorious Feast]","Some meals are big enough to be placed down and shared with friends!","farmersdelight:main/eat_nourishing_food"
"farmersdelight:main/place_organic_compost","[Advanced Composting]","Place down some Organic Compost. It composts better with sun, water and mushrooms!","farmersdelight:main/harvest_straw"
"farmersdelight:main/place_skillet","[Sizzling Hot!]","Sneak to place your Skillet down as a block","farmersdelight:main/use_skillet"
"farmersdelight:main/plant_all_crops","[Crop Rotation]","Cultivate every food-related plant you can find, such as vegetables, fruits, fungi or roots!","farmersdelight:main/plant_rice"
"farmersdelight:main/plant_rice","[Dipping Your Roots]","Plant grains of Rice in a shallow water puddle","farmersdelight:main/get_fd_seed"
"farmersdelight:main/root","[Farmer's Delight]","A world of flavor awaits you!","-"
"farmersdelight:main/use_cutting_board","[Watch Your Fingers]","With a tool in hand, use a Cutting Board to break down an item","farmersdelight:main/craft_knife"
"farmersdelight:main/use_skillet","[Portable Cooking]","Skillets let you cook on the go. Stand near heat, then hold food in your other hand!","farmersdelight:main/place_campfire"
"gothic:adv_apple_tobacco","[Tastes Like Apple]","Discover and use a new type of tobacco","gothic:adv_waterpipe"
"gothic:adv_extract_claws","[Extract Claws]","Learn how to extract claws.","gothic:adv_extract_fangs"
"gothic:adv_extract_fangs","[Extract Fangs]","Learn how to extract fangs.","gothic:adv_hunter"
"gothic:adv_extract_fat","[Extract Fat]","Learn how to extract fat.","gothic:adv_extract_horns"
"gothic:adv_extract_hearts","[Extract Hearts]","Learn how to extract hearts.","gothic:adv_extract_plates"
"gothic:adv_extract_horns","[Extract Horns]","Learn how to extract horns.","gothic:adv_extract_mandibles"
"gothic:adv_extract_mandibles","[Extract Mandibles]","Learn how to extract mandibles.","gothic:adv_extract_stinger"
"gothic:adv_extract_pelt","[Extract Pelt]","Learn how to extract pelt.","gothic:adv_extract_claws"
"gothic:adv_extract_plates","[Extract Plates]","Learn how to extract plates.","gothic:adv_extract_fat"
"gothic:adv_extract_stinger","[Extract Stingers]","Learn how to extract stingers.","gothic:adv_extract_wings"
"gothic:adv_extract_wings","[Extract Wings]","Learn how to extract wings.","gothic:adv_extract_pelt"
"gothic:adv_fear_stone","[Builder Protection]","Place down the Fear Stone to protect area from spawning of gothic animals","gothic:adv_magic_ore"
"gothic:adv_first_kill","[First Blood]","Obtain meat from one of new creatures","gothic:adv_root"
"gothic:adv_grass_tobacco","[Tastes Like Grass]","Discover and use a new type of tobacco","gothic:adv_waterpipe"
"gothic:adv_honey_tobacco","[Tastes Like Honey]","Discover and use a new type of tobacco","gothic:adv_apple_tobacco"
"gothic:adv_hunter","[Hunter and Prey]","Learn to hunt from books and get your first prey","gothic:adv_first_kill"
"gothic:adv_magic_ore","[Treasure of the Valley]","Obtain a magic ore nugget","gothic:adv_root"
"gothic:adv_meatbug","[Brutus' Nightmare]","Catch the meatbug with the bucket. It won't despawn and can be breed with rotten flesh.","gothic:adv_root"
"gothic:adv_meatbug_ragout","[Snaf's Recipe]","Prepare and eat a ragout made from bug meat and black mushrooms","gothic:adv_meatbug"
"gothic:adv_mushroom_tobacco","[Tastes Like Mushroom]","Discover and use a new type of tobacco","gothic:adv_grass_tobacco"
"gothic:adv_read_tablets","[Ancient Language]","Learn how to read stone tablets","gothic:adv_extract_horns"
"gothic:adv_root","[Gothic]","Start your adventure in a dangerous world","-"
"gothic:adv_scavenger","[Don't Let Hurt First]","Defeat the scavenger that recently ate the meatbug","gothic:adv_first_kill"
"gothic:adv_swampweed","[Green Novice]","Gather the cult's favorite herb","gothic:adv_wild_herbs"
"gothic:adv_turnip","[From Hero to Zero]","Gather up the turnip","gothic:adv_root"
"gothic:adv_waterpipe","[Cult of the Sleeper]","Place down a Waterpipe","gothic:adv_swampweed"
"gothic:adv_wild_herbs","[Wild Herbs]","Gather blue elder","gothic:adv_turnip"
"infernalexp:recipes/root","infernalexp:recipes/root","<null>","-"
"lootr:100loot","[Centennial]","Open 100 instanced, per-player Loot containers and collect your rewards!","lootr:50loot"
"lootr:10loot","[Disme A Dozen]","Open 10 instanced, per-player Loot containers and collect your rewards!","lootr:1chest"
"lootr:1barrel","[Barrel Booty]","Open your first instanced, per-player Loot barrel and collect your rewards!","lootr:root"
"lootr:1cart","[Tunnel Treasures]","Open your first instanced, per-player Loot minecart and collect your rewards!","lootr:root"
"lootr:1chest","['X' Marks the Spot]","Open your first instanced, per-player Loot chest and collect your rewards!","lootr:root"
"lootr:1shulker","[Bounty Box]","Open your first instanced, per-played Loot shulker and collect your rewards!","lootr:root"
"lootr:25loot","[Close Quarters]","Open 25 instanced, per-player Loot containers and collect your rewards!","lootr:10loot"
"lootr:50loot","[Penteconter]","Open 50 instanced, per-player Loot containers and collect your rewards!","lootr:25loot"
"lootr:root","[Belongs in a Museum]","Bring instanced, per-player Loot into your world.","-"
"lootr:social","[Socialised Loot]","Open one of every type of instanced, per-player Loot container in the world!","lootr:1chest"
"mace_port:adventure/overoverkill","[Over-Overkill]","Deal 50 hearts of damage in a single hit using the Mace","minecraft:adventure/kill_a_mob"
"mace_port:adventure/who_needs_rockets","[Who Needs Rockets?]","Use a Wind Charge to launch yourself upward 8 blocks","minecraft:adventure/fall_from_world_height"
"minecraft:adventure/adventuring_time","[Adventuring Time]","Discover every biome","minecraft:adventure/sleep_in_bed"
"minecraft:adventure/arbalistic","[Arbalistic]","Kill five unique mobs with one crossbow shot","minecraft:adventure/ol_betsy"
"minecraft:adventure/avoid_vibration","[Sneak 100]","Sneak near a Sculk Sensor or Warden to prevent it from detecting you","minecraft:adventure/root"
"minecraft:adventure/bullseye","[Bullseye]","Hit the bullseye of a Target block from at least 30 meters away","minecraft:adventure/shoot_arrow"
"minecraft:adventure/fall_from_world_height","[Caves & Cliffs]","Free fall from the top of the world (build limit) to the bottom of the world and survive","minecraft:adventure/root"
"minecraft:adventure/hero_of_the_village","[Hero of the Village]","Successfully defend a village from a raid","minecraft:adventure/voluntary_exile"
"minecraft:adventure/honey_block_slide","[Sticky Situation]","Jump into a Honey Block to break your fall","minecraft:adventure/root"
"minecraft:adventure/kill_a_mob","[Monster Hunter]","Kill any hostile monster","minecraft:adventure/root"
"minecraft:adventure/kill_all_mobs","[Monsters Hunted]","Kill one of every hostile monster","minecraft:adventure/kill_a_mob"
"minecraft:adventure/kill_mob_near_sculk_catalyst","[It Spreads]","Kill a mob near a Sculk Catalyst","minecraft:adventure/kill_a_mob"
"minecraft:adventure/lightning_rod_with_villager_no_fire","[Surge Protector]","Protect a Villager from an undesired shock without starting a fire","minecraft:adventure/root"
"minecraft:adventure/ol_betsy","[Ol' Betsy]","Shoot a Crossbow","minecraft:adventure/shoot_arrow"
"minecraft:adventure/play_jukebox_in_meadows","[Sound of Music]","Make the Meadows come alive with the sound of music from a Jukebox","minecraft:adventure/sleep_in_bed"
"minecraft:adventure/root","[Adventure]","Adventure, exploration and combat","-"
"minecraft:adventure/shoot_arrow","[Take Aim]","Shoot something with an Arrow","minecraft:adventure/kill_a_mob"
"minecraft:adventure/sleep_in_bed","[Sweet Dreams]","Sleep in a Bed to change your respawn point","minecraft:adventure/root"
"minecraft:adventure/sniper_duel","[Sniper Duel]","Kill a Skeleton from at least 50 meters away","minecraft:adventure/shoot_arrow"
"minecraft:adventure/spyglass_at_dragon","[Is It a Plane?]","Look at the Ender Dragon through a Spyglass","minecraft:adventure/spyglass_at_ghast"
"minecraft:adventure/spyglass_at_ghast","[Is It a Balloon?]","Look at a Ghast through a Spyglass","minecraft:adventure/spyglass_at_parrot"
"minecraft:adventure/spyglass_at_parrot","[Is It a Bird?]","Look at a Parrot through a Spyglass","minecraft:adventure/root"
"minecraft:adventure/summon_iron_golem","[Hired Help]","Summon an Iron Golem to help defend a village","minecraft:adventure/trade"
"minecraft:adventure/throw_trident","[A Throwaway Joke]","Throw a Trident at something.
Note: Throwing away your only weapon is not a good idea.","upgrade_aquatic:adventure/tooth_fairy"
"minecraft:adventure/totem_of_undying","[Postmortal]","Use a Totem of Undying to cheat death","minecraft:adventure/kill_a_mob"
"minecraft:adventure/trade","[What a Deal!]","Successfully trade with a Villager","minecraft:adventure/root"
"minecraft:adventure/trade_at_world_height","[Star Trader]","Trade with a Villager at the build height limit","minecraft:adventure/trade"
"minecraft:adventure/two_birds_one_arrow","[Two Birds, One Arrow]","Kill two Phantoms with a piercing Arrow","minecraft:adventure/ol_betsy"
"minecraft:adventure/very_very_frightening","[Very Very Frightening]","Strike a Villager with lightning","minecraft:adventure/throw_trident"
"minecraft:adventure/voluntary_exile","[Voluntary Exile]","Kill a raid captain.
Maybe consider staying away from villages for the time being...","minecraft:adventure/trade"
"minecraft:adventure/walk_on_powder_snow_with_leather_boots","[Light as a Rabbit]","Walk on Powder Snow...without sinking in it","minecraft:adventure/sleep_in_bed"
"minecraft:adventure/whos_the_pillager_now","[Who's the Pillager Now?]","Give a Pillager a taste of their own medicine","minecraft:adventure/ol_betsy"
"minecraft:end/dragon_breath","[You Need a Mint]","Collect Dragon's Breath in a Glass Bottle","minecraft:end/kill_dragon"
"minecraft:end/dragon_egg","[The Next Generation]","Hold the Dragon Egg","minecraft:end/kill_dragon"
"minecraft:end/elytra","[Sky's the Limit]","Find Elytra","minecraft:end/find_end_city"
"minecraft:end/enter_end_gateway","[Remote Getaway]","Escape the island","minecraft:end/kill_dragon"
"minecraft:end/find_end_city","[The City at the End of the Game]","Go on in, what could happen?","minecraft:end/enter_end_gateway"
"minecraft:end/kill_dragon","[Free the End]","Good luck","minecraft:end/root"
"minecraft:end/levitate","[Great View From Up Here]","Levitate up 50 blocks from the attacks of a Shulker","minecraft:end/find_end_city"
"minecraft:end/respawn_dragon","[The End... Again...]","Respawn the Ender Dragon","minecraft:end/kill_dragon"
"minecraft:end/root","[The End]","Or the beginning?","-"
"minecraft:husbandry/allay_deliver_cake_to_note_block","[Birthday Song]","Have an Allay drop a Cake at a Note Block","minecraft:husbandry/allay_deliver_item_to_player"
"minecraft:husbandry/allay_deliver_item_to_player","[You've Got a Friend in Me]","Have an Allay deliver items to you","minecraft:husbandry/root"
"minecraft:husbandry/axolotl_in_a_bucket","[The Cutest Predator]","Catch an Axolotl in a Bucket","minecraft:husbandry/tactical_fishing"
"minecraft:husbandry/balanced_diet","[A Balanced Diet]","Eat everything that is edible, even if it's not good for you","minecraft:husbandry/plant_seed"
"minecraft:husbandry/bred_all_animals","[Two by Two]","Breed all the animals!","minecraft:husbandry/breed_an_animal"
"minecraft:husbandry/breed_an_animal","[The Parrots and the Bats]","Breed two animals together","minecraft:husbandry/root"
"minecraft:husbandry/complete_catalogue","[A Complete Catalogue]","Tame all Cat variants!","minecraft:husbandry/tame_an_animal"
"minecraft:husbandry/fishy_business","[Fishy Business]","Catch a fish","minecraft:husbandry/root"
"minecraft:husbandry/froglights","[With Our Powers Combined!]","Have all Froglights in your inventory","minecraft:husbandry/leash_all_frog_variants"
"minecraft:husbandry/kill_axolotl_target","[The Healing Power of Friendship!]","Team up with an Axolotl and win a fight","minecraft:husbandry/axolotl_in_a_bucket"
"minecraft:husbandry/leash_all_frog_variants","[When the Squad Hops into Town]","Get each Frog variant on a Lead","minecraft:husbandry/tadpole_in_a_bucket"
"minecraft:husbandry/make_a_sign_glow","[Glow and Behold!]","Make the text of a Sign glow","minecraft:husbandry/root"
"minecraft:husbandry/obtain_netherite_hoe","[Serious Dedication]","Use a Netherite Ingot to upgrade a Hoe, and then reevaluate your life choices","minecraft:husbandry/plant_seed"
"minecraft:husbandry/plant_seed","[A Seedy Place]","Plant a seed and watch it grow","minecraft:husbandry/root"
"minecraft:husbandry/ride_a_boat_with_a_goat","[Whatever Floats Your Goat!]","Get in a Boat and float with a Goat","minecraft:husbandry/root"
"minecraft:husbandry/root","[Husbandry]","The world is full of friends and food","-"
"minecraft:husbandry/safely_harvest_honey","[Bee Our Guest]","Use a Campfire to collect Honey from a Beehive using a Bottle without aggravating the Bees","minecraft:husbandry/root"
"minecraft:husbandry/silk_touch_nest","[Total Beelocation]","Move a Bee Nest, with 3 Bees inside, using Silk Touch","minecraft:husbandry/root"
"minecraft:husbandry/tactical_fishing","[Tactical Fishing]","Catch a Fish... without a Fishing Rod!","minecraft:husbandry/fishy_business"
"minecraft:husbandry/tadpole_in_a_bucket","[Bukkit Bukkit]","Catch a Tadpole in a Bucket","minecraft:husbandry/root"
"minecraft:husbandry/tame_an_animal","[Best Friends Forever]","Tame an animal","minecraft:husbandry/root"
"minecraft:husbandry/wax_off","[Wax Off]","Scrape Wax off of a Copper block!","minecraft:husbandry/wax_on"
"minecraft:husbandry/wax_on","[Wax On]","Apply Honeycomb to a Copper block!","minecraft:husbandry/safely_harvest_honey"
"minecraft:nether/all_effects","[How Did We Get Here?]","Have every effect applied at the same time","minecraft:nether/all_potions"
"minecraft:nether/all_potions","[A Furious Cocktail]","Have every potion effect applied at the same time","minecraft:nether/brew_potion"
"minecraft:nether/brew_potion","[Local Brewery]","Brew a Potion","minecraft:nether/obtain_blaze_rod"
"minecraft:nether/charge_respawn_anchor","[Not Quite ""Nine"" Lives]","Charge a Respawn Anchor to the maximum","minecraft:nether/obtain_crying_obsidian"
"minecraft:nether/create_beacon","[Bring Home the Beacon]","Construct and place a Beacon","minecraft:nether/summon_wither"
"minecraft:nether/create_full_beacon","[Beaconator]","Bring a Beacon to full power","minecraft:nether/create_beacon"
"minecraft:nether/distract_piglin","[Oh Shiny]","Distract Piglins with gold","minecraft:nether/root"
"minecraft:nether/explore_nether","[Hot Tourist Destinations]","Explore all Nether biomes","minecraft:nether/ride_strider"
"minecraft:nether/fast_travel","[Subspace Bubble]","Use the Nether to travel 7 km in the Overworld","minecraft:nether/root"
"minecraft:nether/find_bastion","[Those Were the Days]","Enter a Bastion Remnant","minecraft:nether/root"
"minecraft:nether/find_fortress","[A Terrible Fortress]","Break your way into a Nether Fortress","minecraft:nether/root"
"minecraft:nether/get_wither_skull","[Spooky Scary Skeleton]","Obtain a Wither Skeleton's skull","minecraft:nether/find_fortress"
"minecraft:nether/loot_bastion","[War Pigs]","Loot a Chest in a Bastion Remnant","minecraft:nether/find_bastion"
"minecraft:nether/netherite_armor","[Cover Me in Debris]","Get a full suit of Netherite armor","minecraft:nether/obtain_ancient_debris"
"minecraft:nether/obtain_ancient_debris","[Hidden in the Depths]","Obtain Ancient Debris","minecraft:nether/root"
"minecraft:nether/obtain_blaze_rod","[Into Fire]","Relieve a Blaze of its rod","minecraft:nether/find_fortress"
"minecraft:nether/obtain_crying_obsidian","[Who is Cutting Onions?]","Obtain Crying Obsidian","minecraft:nether/root"
"minecraft:nether/return_to_sender","[Return to Sender]","Destroy a Ghast with a fireball","minecraft:nether/root"
"minecraft:nether/ride_strider","[This Boat Has Legs]","Ride a Strider with a Warped Fungus on a Stick","minecraft:nether/root"
"minecraft:nether/ride_strider_in_overworld_lava","[Feels Like Home]","Take a Strider for a loooong ride on a lava lake in the Overworld","minecraft:nether/ride_strider"
"minecraft:nether/root","[Nether]","Bring summer clothes","-"
"minecraft:nether/summon_wither","[Withering Heights]","Summon the Wither","minecraft:nether/get_wither_skull"
"minecraft:nether/uneasy_alliance","[Uneasy Alliance]","Rescue a Ghast from the Nether, bring it safely home to the Overworld... and then kill it","minecraft:nether/return_to_sender"
"minecraft:nether/use_lodestone","[Country Lode, Take Me Home]","Use a Compass on a Lodestone","minecraft:nether/obtain_ancient_debris"
"minecraft:recipes/root","minecraft:recipes/root","<null>","-"
"minecraft:story/cure_zombie_villager","[Zombie Doctor]","Weaken and then cure a Zombie Villager","minecraft:story/enter_the_nether"
"minecraft:story/deflect_arrow","[Not Today, Thank You]","Deflect a projectile with a Shield","minecraft:story/obtain_armor"
"minecraft:story/enchant_item","[Enchanter]","Enchant an item at an Enchanting Table","minecraft:story/mine_diamond"
"minecraft:story/enter_the_end","[The End?]","Enter the End Portal","minecraft:story/follow_ender_eye"
"minecraft:story/enter_the_nether","[We Need to Go Deeper]","Build, light and enter a Nether Portal","minecraft:story/form_obsidian"
"minecraft:story/follow_ender_eye","[Eye Spy]","Follow an Eye of Ender","minecraft:story/enter_the_nether"
"minecraft:story/form_obsidian","[Ice Bucket Challenge]","Obtain a block of Obsidian","minecraft:story/lava_bucket"
"minecraft:story/iron_tools","[Isn't It Iron Pick]","Upgrade your Pickaxe","minecraft:story/smelt_iron"
"minecraft:story/lava_bucket","[Hot Stuff]","Fill a Bucket with lava","minecraft:story/smelt_iron"
"minecraft:story/mine_diamond","[Diamonds!]","Acquire diamonds","minecraft:story/iron_tools"
"minecraft:story/mine_stone","[Stone Age]","Mine Stone with your new Pickaxe","minecraft:story/root"
"minecraft:story/obtain_armor","[Suit Up]","Protect yourself with a piece of iron armor","minecraft:story/smelt_iron"
"minecraft:story/root","[Minecraft]","The heart and story of the game","-"
"minecraft:story/shiny_gear","[Cover Me with Diamonds]","Diamond armor saves lives","minecraft:story/mine_diamond"
"minecraft:story/smelt_iron","[Acquire Hardware]","Smelt an Iron Ingot","minecraft:story/upgrade_tools"
"minecraft:story/upgrade_tools","[Getting an Upgrade]","Construct a better Pickaxe","minecraft:story/mine_stone"
"mowziesmobs:kill_ferrous_wroughtnaut","[Just a Flesh Wound]","Kill a Ferrous Wroughtnaut","mowziesmobs:root"
"mowziesmobs:kill_foliaath","[Jennifer Dumped Me]","Kill a Foliaath","mowziesmobs:root"
"mowziesmobs:kill_frostmaw","[Rude Awakening]","Kill a Frostmaw","mowziesmobs:root"
"mowziesmobs:kill_grottol","[You Monster...]","Kill a Grottol","mowziesmobs:root"
"mowziesmobs:kill_grottol_fortune","[Double Or Nothing!]","Kill a Grottol with a fortune pickaxe","mowziesmobs:kill_grottol"
"mowziesmobs:kill_grottol_silk_touch","[You're Coming With Me]","Kill a Grottol with a silk touch pickaxe","mowziesmobs:kill_grottol"
"mowziesmobs:kill_naga","[Wingin' It]","Kill a Naga","mowziesmobs:root"
"mowziesmobs:kill_umvuthana_raptor","[Masquerade]","Kill an Umvuthana Raptor","mowziesmobs:root"
"mowziesmobs:kill_umvuthi","[Praise the Sun]","Kill Umvuthi, the Sunbird","mowziesmobs:root"
"mowziesmobs:root","[Mowzie's Mobs]","Welcome to Mowzie's Mobs!","-"
"mowziesmobs:sneak_grove","[Birds of a Feather]","Sneak into an Umvuthana grove in disguise","mowziesmobs:kill_umvuthi"
"mowziesmobs:steal_ice_crystal","[Big Brain™ Time]","Steal an ice crystal from a Frostmaw","mowziesmobs:kill_frostmaw"
"mowziesmobs:suns_blessing","[Heliomancer]","Receive the Sun's Blessing","mowziesmobs:sneak_grove"
"quark:ancient_apple_overlevel","[Bit Fruity]","Eat an Ancient Apple with over 100 levels on you","minecraft:husbandry/plant_seed"
"quark:crab_in_a_bucket","[Crabtured]","Capture a Crab in a Bucket","minecraft:husbandry/tactical_fishing"
"quark:crawl_in_hollow_log","[Crawling in my Bark]","Crawl inside a Hollow Log","minecraft:adventure/root"
"quark:foxhound_speed_up_furnace","[Let Flaming Dogs Lie]","Have a Foxhound speed up a Furnace by letting it sleep on it","quark:tame_foxhound"
"quark:get_all_blossom_saplings","[Blossoming]","Get every Blossom Sapling","minecraft:husbandry/plant_seed"
"quark:get_all_corundum","[Corundum Conundrum]","Get every color of Corundum Cluster","minecraft:story/smelt_iron"
"quark:get_bottled_cloud","[Cloud Storage]","Put a Cloud in a Bottle","minecraft:adventure/root"
"quark:get_diamond_heart","[Shape of My Heart]","Sneak up to a Stoneling underground and break its shell to get its Heart","minecraft:adventure/kill_a_mob"
"quark:get_forgotten_hat","[This Belongs in a Museum]","Kill a Forgotten underground and loot its hat","minecraft:adventure/kill_a_mob"
"quark:get_own_head","[Getting Ahead]","Get your own player head from a named Snow Golem killed by a Witch","minecraft:adventure/kill_a_mob"
"quark:influence","[Influencer]","Use Candles in Matrix Enchanting to influence a specific enchantment","minecraft:story/enchant_item"
"quark:instamine_deepslate","[Instant Limit Breaker]","Mine Deepslate instantly using Efficiency VI and Haste II","quark:overlevel_enchant"
"quark:make_stoneling","[Young Dreamer]","Give a Stoneling a new body by using its Heart of Diamond on any stone","quark:get_diamond_heart"
"quark:mine_fed_toretoise","[We're Rich!]","Mine a Toretoise after it regrows its ore from eating Glow Berries","quark:mine_toretoise"
"quark:mine_toretoise","[Mine Turtle!]","Mine a wild Toretoise with a Pickaxe","minecraft:husbandry/root"
"quark:overlevel_enchant","[Limit Breaker]","Overlevel an enchantment with Ancient Tomes","minecraft:story/enchant_item"
"quark:pathfinder_map_center","[Road to Tomorrow]","Get to the X in a Pathfinder Map","minecraft:adventure/trade"
"quark:poison_baby","[Forever Young]","Successfully poison a baby animal with a Poisoned Potato","minecraft:husbandry/breed_an_animal"
"quark:redirect_beacon","[See The Lights]","Redirect a Beacon beam's direction using Clusters","minecraft:nether/create_beacon"
"quark:retreive_flamerang","[Fly to the Sky, Fire Bird]","Throw a Flamerang and get it back while it's carrying an item on fire","quark:throw_pickarang"
"quark:shiba_help","[Paint The Town]","Clean up a dark spot with the help of a Shiba while holding a Torch","minecraft:husbandry/tame_an_animal"
"quark:tame_foxhound","[Playing With Fire]","Tame a Foxhound by feeding it Coal while under Fire Resistance","minecraft:nether/brew_potion"
"quark:throw_parrot_egg","[Just the Parrots]","Feed Beetroot Seeds to a Parrot and toss the egg it lays","minecraft:husbandry/breed_an_animal"
"quark:throw_pickarang","[Somehow, Pickarang Returned]","Throw a Pickarang","minecraft:story/mine_diamond"
"quark:use_viaduct","[Chase Me]","Toss an Ender Pearl to the tip of a line of Myalite Crystals to travel through them","minecraft:end/enter_end_gateway"
"quark:watcher_center","[Who Watches the Watcher?]","Look at the center of an Ender Watcher","minecraft:nether/obtain_blaze_rod"
"realmrpg_creep:obtain_creeping_sprout","[Creeping Horror]","Obtain a sprout by fighting evil... pumpkins?","minecraft:husbandry/root"
"realmrpg_creep:tame_creepling","[Pumpkin Party]","Tame a creepling with a candle","realmrpg_creep:obtain_creeping_sprout"
"realmrpg_creep:weaken_halloweed","[Weed Control]","Lower halloweed's damage resistance with a hoe","realmrpg_creep:obtain_creeping_sprout"
"savage_and_ravage:adventure/creeper_spores","[Creepie Crawly]","Obtain Creeper Spores by killing a Creeper with an explosion","minecraft:adventure/kill_a_mob"
"savage_and_ravage:adventure/griefer_armor","[Dynamite with a Laser Beam]","Collect a full set of Griefer armor","savage_and_ravage:adventure/creeper_spores"
"savage_and_ravage:adventure/mask_of_dishonesty","[A Little Tricking]","Obtain a Mask of Dishonesty by killing a Trickster","minecraft:adventure/kill_a_mob"
"savage_and_ravage:adventure/relic_collector","[Relic Collector]","Obtain all magical Illager relics","minecraft:adventure/totem_of_undying"
"simplyswords:arcanethyst","[Arcane Empowerment]","Find the unique weapon Arcanethyst.","simplyswords:runic_weapon"
"simplyswords:bramblethorn","[Spore Galore]","Find the unique weapon Bramblethorn.","simplyswords:runic_weapon"
"simplyswords:brimstone","[Blast Protection Not Included]","Find the unique weapon Brimstone Claymore.","simplyswords:runic_weapon"
"simplyswords:dormant_relic","[Batteries Not Included]","Obtain the Dormant Relic.","simplyswords:runic_weapon"
"simplyswords:emberblade","[The Ire in Fire]","Find the unique weapon Emberblade.","simplyswords:runic_weapon"
"simplyswords:frostfall","[Ice Cubed]","Find the unique weapon Frostfall.","simplyswords:runic_weapon"
"simplyswords:harbinger","[From The Abyss]","Obtain the unique weapon Harbinger.","simplyswords:dormant_relic"
"simplyswords:hearthflame","[Forged in Flames]","Find the unique weapon Hearthflame.","simplyswords:runic_weapon"
"simplyswords:icewhisper","[Listen Close]","Find the unique weapon Icewhisper.","simplyswords:runic_weapon"
"simplyswords:livyatan","[Walking on Thin Ice]","Find the unique weapon Livyatan.","simplyswords:runic_weapon"
"simplyswords:longsword_plague","[Maybe Don't Touch it]","Find the unique weapon Longsword of the Plague.","simplyswords:runic_weapon"
"simplyswords:mjolnir","[It Comes Back, Right?]","Find the unique weapon Mjolnir.","simplyswords:runic_weapon"
"simplyswords:molten_edge","[Not Too Hot to Handle]","Find the unique weapon Molten Edge.","simplyswords:runic_weapon"
"simplyswords:runic_weapon","[Rune Etching]","Obtain a runic weapon.","simplyswords:simplyswords"
"simplyswords:shadowsting","[From The Shadows]","Find the unique weapon Shadowsting.","simplyswords:runic_weapon"
"simplyswords:simplyswords","[Simply Swords]","Runic powers await you.","-"
"simplyswords:slumbering_lichblade","[Wake Up!]","Obtain the Slumbering Lichblade.","simplyswords:runic_weapon"
"simplyswords:soulkeeper","[Keeper of Souls]","Find the unique weapon Soulkeeper.","simplyswords:runic_weapon"
"simplyswords:soulpyre","[Burner of Souls]","Find the unique weapon Soul Pyre.","simplyswords:runic_weapon"
"simplyswords:soulrender","[Render of Souls]","Find the unique weapon Soulrender.","simplyswords:runic_weapon"
"simplyswords:soulstealer","[Stealer of Souls]","Find the unique weapon Soulstealer.","simplyswords:runic_weapon"
"simplyswords:stormbringer","[Bringer of Storms]","Find the unique weapon Stormbringer.","simplyswords:runic_weapon"
"simplyswords:storms_edge","[Lightning Strikes Twice]","Find the unique weapon Storm's Edge.","simplyswords:runic_weapon"
"simplyswords:sunfire","[Sanctified]","Obtain the unique weapon Sunfire.","simplyswords:dormant_relic"
"simplyswords:sword_on_a_stick","[Engineering Marvel]","Obtain the unique weapon Sword on a Stick.","simplyswords:runic_weapon"
"simplyswords:the_watcher","[Always Watching]","Find the unique weapon The Watcher.","simplyswords:runic_weapon"
"simplyswords:thunderbrand","[Thunder Time]","Find the unique weapon Thunderbrand.","simplyswords:runic_weapon"
"simplyswords:twisted_blade","[Getting it Twisted]","Find the unique weapon Twisted Blade.","simplyswords:runic_weapon"
"simplyswords:watching_warglaive","[Eyes Open]","Find the unique weapon Watching Warglaive.","simplyswords:runic_weapon"
"smithed.damage:v0.1.0/player/event","smithed.damage:v0.1.0/player/event","<null>","-"
"supplementaries:adventure/globe","[You Spin Me Right Round Baby]","Spin a globe at ludicrous speed","minecraft:adventure/trade"
"supplementaries:adventure/way_sign","[This Must be a Sign!]","Follow me to find a village","minecraft:adventure/root"
"supplementaries:husbandry/soap","[Tide Pod Challenge]","Eat a bar of soap. Don't try this at home","minecraft:husbandry/root"
"supplementaries:husbandry/sus_stew","[When the Stew is Sus]","Drink a suspicious stew","minecraft:husbandry/plant_seed"
"supplementaries:husbandry/turn_table","[How the Turn Tables]","Use a Turn Table to rotate yourself","minecraft:husbandry/root"
"supplementaries:husbandry/wrench","[Engineer Gaming]","Use a Wrench to rotate a block","minecraft:husbandry/root"
"supplementaries:nether/goblet","[Consume the Concoction Chalice]","Drink from a Chalice","minecraft:nether/brew_potion"
"supplementaries:story/unenchanter","[Why Would You do That!?]","Grind an Enchanted Golden Apple","minecraft:story/enchant_item"
"tconstruct:foundry/alloyer","[Basic Alloyer]","Create a basic alloying setup using an alloyer, a fuel tank, some ingot tanks, a casting table, a casting basin, and a faucet","tconstruct:foundry/fantastic_foundry"
"tconstruct:foundry/blaze","[Blazing Blood]","Fill a tank with blazing blood","tconstruct:foundry/structure"
"tconstruct:foundry/encyclopedia","[Encyclopedia]","Craft the encyclopedia of materials with your knowledge from all the books","tconstruct:foundry/fantastic_foundry"
"tconstruct:foundry/fantastic_foundry","[Nether Smelting]","Create fantastic foundry, the nether smelting guidebook","tconstruct:tools/materials_and_you"
"tconstruct:foundry/manyullyn_lanterns","[Rich Lighting]","Create a full stack of seared or scorched lanterns filled with molten manyullyn","tconstruct:foundry/structure"
"tconstruct:foundry/plate_armor","[Plate Armor]","Create a full set of plate armor","tconstruct:foundry/blaze"
"tconstruct:foundry/structure","[The Fantastic Foundry]","Craft a founry controller from alloyed obsidian, build a foundry, and open the foundry UI","tconstruct:foundry/alloyer"
"tconstruct:smeltery/abilities","[Ability Master]","Apply every single default ability modifier to a tool at least once","tconstruct:smeltery/tinkers_anvil"
"tconstruct:smeltery/cast_collector","[Cast Collector]","Collect one of each gold cast","tconstruct:smeltery/gold_casting"
"tconstruct:smeltery/gold_casting","[Shiny Casts]","Make a reusable casts out of gold","tconstruct:smeltery/melter"
"tconstruct:smeltery/melter","[Basic Meltery]","Make a basic melting setup with a melter, a heater or tank, a casting basin, a casting table, and a faucet","tconstruct:smeltery/puny_smelting"
"tconstruct:smeltery/mighty_smelting","[Smelting 201]","Craft the guidebook into the smeltery, mighty smelting","tconstruct:smeltery/melter"
"tconstruct:smeltery/puny_smelting","[Smeltery Recruit]","Craft the guidebook puny smelting","tconstruct:tools/materials_and_you"
"tconstruct:smeltery/sand_casting","[Sand Casting]","Make a basic disposable casts out of sand","tconstruct:smeltery/melter"
"tconstruct:smeltery/structure","[The Mighty Smeltery]","Craft a smeltery controller from casting molten copper, build a smeltery, and open the smeltery UI","tconstruct:smeltery/mighty_smelting"
"tconstruct:smeltery/tinkers_anvil","[Advanced Tool Making]","Craft a Tinker's Anvil using alloys from the smeltery!","tconstruct:smeltery/structure"
"tconstruct:smeltery/tool_forge","[Tool Forge]","Forge one of every broad tool in the anvil","tconstruct:smeltery/tinkers_anvil"
"tconstruct:tools/make_part","[Tool Parts]","Create your first tool part using a pattern and some material in the part builder","tconstruct:tools/part_builder"
"tconstruct:tools/material_master","[Material Master]","Use each default material at least once","tconstruct:tools/netherite_tier"
"tconstruct:tools/materials_and_you","[Tinker In Training]","Craft Materials and You, the introduction book into Tinkers' Construct","-"
"tconstruct:tools/modified","[Modification]","Apply a modifier to a tinker tool","tconstruct:tools/tinker_tool"
"tconstruct:tools/netherite_tier","[Netherite Tier]","Create a tool with the netherite mining tier","tconstruct:tools/tinker_tool"
"tconstruct:tools/one_shot","[One Shot]","Create a melee weapon that can unconditionally kill any common monsters in a single non-critical attack (21 flat damage or more)","tconstruct:tools/tinker_tool"
"tconstruct:tools/part_builder","[Part Builder]","Create a part builder, your first step to making tools","tconstruct:tools/materials_and_you"
"tconstruct:tools/perfect_aim","[Perfect Aim]","Create a bow with 1.0 accuracy","tconstruct:tools/tinker_tool"
"tconstruct:tools/tinker_station","[Tinker Station]","Create a tinker station to combine parts into tools","tconstruct:tools/part_builder"
"tconstruct:tools/tinker_tool","[Novice Tinker]","Create a your first tinker tool","tconstruct:tools/tinker_station"
"tconstruct:tools/tool_smith","[Tool Smith]","Create one of every default small tool","tconstruct:tools/tinker_tool"
"tconstruct:tools/travelers_gear","[Traveler]","Craft a full set of traveler's gear","tconstruct:tools/tinker_station"
"tconstruct:tools/upgrade_slots","[All the Upgrades]","Give a tool 6 more upgrade slots using writable, recapitated, harmonious, resurrected, and gilded","tconstruct:tools/modified"
"tconstruct:world/blood_island","[Blood Island]","Locate a blood island in the nether lava ocean","tconstruct:world/tinkers_gadgetry"
"tconstruct:world/clay_island","[Clay Island]","Locate a clay island in the sky","tconstruct:world/tinkers_gadgetry"
"tconstruct:world/earth_island","[Earthslime Island]","Locate an earthslime island in the ocean","tconstruct:world/tinkers_gadgetry"
"tconstruct:world/ender_island","[Enderslime Island]","Locate an enderslime island in the end outer islands","tconstruct:world/tinkers_gadgetry"
"tconstruct:world/piggybackpack","[Pig Piggyback]","Pick up a pig with a piggybackpack","tconstruct:world/tinkers_gadgetry"
"tconstruct:world/sky_island","[Skyslime Island]","Locate a skyslime island in the sky","tconstruct:world/tinkers_gadgetry"
"tconstruct:world/slime_collector","[Slime Collector]","Obtain all 5 types of slime","tconstruct:world/tinkers_gadgetry"
"tconstruct:world/slimeskull","[Skull Collector]","Craft every type of slimeskull","tconstruct:world/slimesuit"
"tconstruct:world/slimesuit","[Slimesuit]","Create a full slimesuit","tconstruct:world/ender_island"
"tconstruct:world/tinkers_gadgetry","[Tinker's Gadgetry]","Craft Tinker's Gadgetry to begin exploring the world","tconstruct:tools/materials_and_you"
"unusualend:a_tasty_armor","[A Tasty Armor]","Obtain a Chorus Helmet","unusualend:i_am_the_cure"
"unusualend:ancient_wisdom","[Ancient Wisdom]","Obtain an Ancient Shard","unusualend:remains_of_the_past"
"unusualend:beam_me_up_stewy","[Beam Me Up, Stewy !]","Come back to the Overworld using a Wandering Stew","minecraft:end/enter_end_gateway"
"unusualend:bigger_on_the_inside","[It's Bigger On the Inside !]","Use a Purpur Tank to store more items in a smaller space","minecraft:end/kill_dragon"
"unusualend:bolok_in_nether","[Same Mistakes Again]","Bring a Bolok to the Nether with a Bucket","unusualend:trade_with_bolok"
"unusualend:forced_social_distancing","[Forced Social Distancing]","Protect yourself using an End Blob Shield","minecraft:adventure/root"
"unusualend:get_endermite_egg","[Eggstraordinary]","Obtain an Endermite Egg","minecraft:end/enter_end_gateway"
"unusualend:give_bolok_crystal","[Can He Do That ?]","Give a Shiny Crystal to a Bolok","unusualend:trade_with_bolok"
"unusualend:gotta_catch_em_all","[Gotta Catch 'Em All !]","Capture an Endstone Trapper in an Endstone Block","unusualend:its_a_trap"
"unusualend:hyperspace_jump","[Hyperspace Jump]","Use a Gilded Pearl on a Teleportation Anchor","minecraft:nether/use_lodestone"
"unusualend:i_am_the_cure","[I Am The Cure]","Drink Chorus Juice","unusualend:local_food"
"unusualend:its_a_trap","[It's A Trap !]","Encounter an Endstone Trapper","minecraft:end/kill_dragon"
"unusualend:local_food","[Local Food]","Eat a Chorus Fruit","minecraft:end/enter_end_gateway"
"unusualend:remains_of_the_past","[Remains Of The Past]","Fight what the former inhabitants have left","minecraft:end/find_end_city"
"unusualend:the_power_of_ultra_instinct","[The Power Of Ultra Instinct]","Dodge an attack by wearing a Chorus Helmet","unusualend:a_tasty_armor"
"unusualend:trade_with_bolok","[Fishy Alchemy]","Give a Bolok something to transform","minecraft:end/enter_end_gateway"
"unusualend:use_bolok_boots","[The Bolok Way]","Use Bolok Scale Boots at low HP & high Armor to embrace your inner Bolok","unusualend:trade_with_bolok"
"unusualend:we_have_a_problem","[Houston, We Have A Problem]","Break your elytras at the wrong time","minecraft:end/elytra"
"unusualend:worse_than_death","[Almost Worse Than Death]","Use the Void Totem to save your life","minecraft:adventure/totem_of_undying"
"unusualend:you_but_stronger","[I'm You, But Stronger]","Obtain a Wandering Pearl, a cooler and safer counterpart to the Ender Pearl","unusualend:local_food"
"upgrade_aquatic:adventure/kill_great_thrasher","[Gonna Need a Bigger Boat]","Kill the Great Thrasher","upgrade_aquatic:adventure/tooth_fairy"
"upgrade_aquatic:adventure/sleep_underwater","[Sleepin' with the Fishes]","Use a Bedroll underwater","minecraft:adventure/sleep_in_bed"
"upgrade_aquatic:adventure/tooth_fairy","[Tooth Fairy]","Collect the teeth of the Thrasher, an ancient horror that lurks deep in cold waters","minecraft:adventure/kill_a_mob"
"upgrade_aquatic:adventure/unethical_dentistry","[Unethical Dentistry]","Place any block made of Thrasher teeth","upgrade_aquatic:adventure/tooth_fairy"
"upgrade_aquatic:husbandry/collect_all_pike","[Pike World Tour]","Collect every variant of Pike in a bucket","minecraft:husbandry/tactical_fishing"
"upgrade_aquatic:husbandry/eat_pickerelweed","[Legal in Most States]","Smoke and eat Boiled Pickerelweed to regain water bubbles","minecraft:husbandry/root"
"upgrade_aquatic:nether/sleepless_slave","[Sleepless Slave]","Create a Flare by afflicting a Phantom with insomnia","minecraft:nether/brew_potion"
"upgrade_aquatic:nether/vibe_check","[Vibe Check]","Brew a Lionfish into a Potion of Repellence and invert it with a Spider Eye for a Potion of Vibing","minecraft:nether/brew_potion"
