"Registry name","Name"
"alexsmobs:am_beacon","PoiType[matchingStates=[Block{minecraft:beacon}], maxTickets=32, validRange=6]"
"alexsmobs:end_portal_frame","PoiType[matchingStates=[Block{minecraft:end_portal_frame}[eye=false,facing=south], Block{minecraft:end_portal_frame}[eye=true,facing=west], Block{minecraft:end_portal_frame}[eye=true,facing=east], Block{minecraft:end_portal_frame}[eye=true,facing=south], Block{minecraft:end_portal_frame}[eye=false,facing=east], Block{minecraft:end_portal_frame}[eye=true,facing=north], Block{minecraft:end_portal_frame}[eye=false,facing=north], Block{minecraft:end_portal_frame}[eye=false,facing=west]], maxTickets=32, validRange=6]"
"alexsmobs:hummingbird_feeder","PoiType[matchingStates=[Block{alexsmobs:hummingbird_feeder}[contents=3,hanging=true,waterlogged=false], Block{alexsmobs:hummingbird_feeder}[contents=1,hanging=false,waterlogged=true], Block{alexsmobs:hummingbird_feeder}[contents=0,hanging=true,waterlogged=true], Block{alexsmobs:hummingbird_feeder}[contents=0,hanging=true,waterlogged=false], Block{alexsmobs:hummingbird_feeder}[contents=0,hanging=false,waterlogged=true], Block{alexsmobs:hummingbird_feeder}[contents=2,hanging=false,waterlogged=false], Block{alexsmobs:hummingbird_feeder}[contents=0,hanging=false,waterlogged=false], Block{alexsmobs:hummingbird_feeder}[contents=2,hanging=true,waterlogged=false], Block{alexsmobs:hummingbird_feeder}[contents=2,hanging=false,waterlogged=true], Block{alexsmobs:hummingbird_feeder}[contents=1,hanging=true,waterlogged=true], Block{alexsmobs:hummingbird_feeder}[contents=3,hanging=true,waterlogged=true], Block{alexsmobs:hummingbird_feeder}[contents=3,hanging=false,waterlogged=true], Block{alexsmobs:hummingbird_feeder}[contents=1,hanging=true,waterlogged=false], Block{alexsmobs:hummingbird_feeder}[contents=3,hanging=false,waterlogged=false], Block{alexsmobs:hummingbird_feeder}[contents=2,hanging=true,waterlogged=true], Block{alexsmobs:hummingbird_feeder}[contents=1,hanging=false,waterlogged=false]], maxTickets=32, validRange=6]"
"alexsmobs:leafcutter_anthill","PoiType[matchingStates=[Block{alexsmobs:leafcutter_anthill}], maxTickets=32, validRange=6]"
"blueprint:beehive","PoiType[matchingStates=[Block{upgrade_aquatic:driftwood_beehive}[facing=south,honey_level=1], Block{upgrade_aquatic:river_beehive}[facing=east,honey_level=5], Block{upgrade_aquatic:driftwood_beehive}[facing=north,honey_level=2], Block{autumnity:maple_beehive}[facing=south,honey_level=2], Block{upgrade_aquatic:driftwood_beehive}[facing=east,honey_level=0], Block{upgrade_aquatic:driftwood_beehive}[facing=west,honey_level=4], Block{autumnity:maple_beehive}[facing=north,honey_level=0], Block{upgrade_aquatic:river_beehive}[facing=east,honey_level=4], Block{upgrade_aquatic:river_beehive}[facing=south,honey_level=4], Block{upgrade_aquatic:river_beehive}[facing=east,honey_level=0], Block{upgrade_aquatic:driftwood_beehive}[facing=west,honey_level=0], Block{upgrade_aquatic:river_beehive}[facing=east,honey_level=1], Block{upgrade_aquatic:river_beehive}[facing=north,honey_level=5], Block{autumnity:maple_beehive}[facing=north,honey_level=1], Block{upgrade_aquatic:driftwood_beehive}[facing=north,honey_level=0], Block{upgrade_aquatic:driftwood_beehive}[facing=west,honey_level=1], Block{upgrade_aquatic:river_beehive}[facing=north,honey_level=2], Block{autumnity:maple_beehive}[facing=east,honey_level=5], Block{upgrade_aquatic:driftwood_beehive}[facing=south,honey_level=2], Block{upgrade_aquatic:driftwood_beehive}[facing=north,honey_level=1], Block{upgrade_aquatic:driftwood_beehive}[facing=east,honey_level=3], Block{upgrade_aquatic:river_beehive}[facing=west,honey_level=3], Block{autumnity:maple_beehive}[facing=west,honey_level=1], Block{upgrade_aquatic:driftwood_beehive}[facing=east,honey_level=1], Block{upgrade_aquatic:driftwood_beehive}[facing=west,honey_level=2], Block{upgrade_aquatic:driftwood_beehive}[facing=north,honey_level=5], Block{upgrade_aquatic:river_beehive}[facing=north,honey_level=0], Block{autumnity:maple_beehive}[facing=west,honey_level=4], Block{upgrade_aquatic:driftwood_beehive}[facing=west,honey_level=5], Block{autumnity:maple_beehive}[facing=east,honey_level=0], Block{upgrade_aquatic:driftwood_beehive}[facing=east,honey_level=5], Block{upgrade_aquatic:river_beehive}[facing=west,honey_level=4], Block{autumnity:maple_beehive}[facing=east,honey_level=2], Block{upgrade_aquatic:river_beehive}[facing=south,honey_level=0], Block{autumnity:maple_beehive}[facing=north,honey_level=5], Block{autumnity:maple_beehive}[facing=east,honey_level=3], Block{upgrade_aquatic:river_beehive}[facing=east,honey_level=2], Block{upgrade_aquatic:river_beehive}[facing=east,honey_level=3], Block{upgrade_aquatic:driftwood_beehive}[facing=west,honey_level=3], Block{upgrade_aquatic:river_beehive}[facing=west,honey_level=0], Block{upgrade_aquatic:river_beehive}[facing=west,honey_level=5], Block{autumnity:maple_beehive}[facing=west,honey_level=5], Block{upgrade_aquatic:river_beehive}[facing=west,honey_level=1], Block{upgrade_aquatic:driftwood_beehive}[facing=south,honey_level=5], Block{upgrade_aquatic:driftwood_beehive}[facing=south,honey_level=0], Block{upgrade_aquatic:driftwood_beehive}[facing=east,honey_level=2], Block{autumnity:maple_beehive}[facing=north,honey_level=4], Block{upgrade_aquatic:driftwood_beehive}[facing=south,honey_level=4], Block{autumnity:maple_beehive}[facing=west,honey_level=0], Block{autumnity:maple_beehive}[facing=south,honey_level=0], Block{upgrade_aquatic:river_beehive}[facing=south,honey_level=5], Block{upgrade_aquatic:driftwood_beehive}[facing=north,honey_level=3], Block{upgrade_aquatic:driftwood_beehive}[facing=north,honey_level=4], Block{autumnity:maple_beehive}[facing=north,honey_level=2], Block{upgrade_aquatic:river_beehive}[facing=north,honey_level=1], Block{upgrade_aquatic:river_beehive}[facing=west,honey_level=2], Block{upgrade_aquatic:river_beehive}[facing=south,honey_level=1], Block{autumnity:maple_beehive}[facing=south,honey_level=3], Block{autumnity:maple_beehive}[facing=west,honey_level=2], Block{upgrade_aquatic:river_beehive}[facing=north,honey_level=4], Block{upgrade_aquatic:river_beehive}[facing=north,honey_level=3], Block{upgrade_aquatic:river_beehive}[facing=south,honey_level=3], Block{upgrade_aquatic:driftwood_beehive}[facing=east,honey_level=4], Block{autumnity:maple_beehive}[facing=east,honey_level=4], Block{autumnity:maple_beehive}[facing=south,honey_level=1], Block{autumnity:maple_beehive}[facing=south,honey_level=5], Block{autumnity:maple_beehive}[facing=east,honey_level=1], Block{autumnity:maple_beehive}[facing=north,honey_level=3], Block{upgrade_aquatic:driftwood_beehive}[facing=south,honey_level=3], Block{autumnity:maple_beehive}[facing=south,honey_level=4], Block{upgrade_aquatic:river_beehive}[facing=south,honey_level=2], Block{autumnity:maple_beehive}[facing=west,honey_level=3]], maxTickets=0, validRange=1]"
"corail_woodcutter:woodsmith","PoiType[matchingStates=[Block{corail_woodcutter:redwood_woodcutter}[facing=east,waterlogged=true], Block{corail_woodcutter:jungle_woodcutter}[facing=north,waterlogged=true], Block{corail_woodcutter:willow_woodcutter}[facing=west,waterlogged=true], Block{corail_woodcutter:birch_woodcutter}[facing=west,waterlogged=true], Block{corail_woodcutter:dark_oak_woodcutter}[facing=south,waterlogged=false], Block{corail_woodcutter:jungle_woodcutter}[facing=north,waterlogged=false], Block{corail_woodcutter:oak_woodcutter}[facing=north,waterlogged=true], Block{corail_woodcutter:willow_woodcutter}[facing=north,waterlogged=true], Block{corail_woodcutter:mahogany_woodcutter}[facing=west,waterlogged=true], Block{corail_woodcutter:spruce_woodcutter}[facing=north,waterlogged=true], Block{corail_woodcutter:magic_woodcutter}[facing=east,waterlogged=false], Block{corail_woodcutter:dead_woodcutter}[facing=north,waterlogged=false], Block{corail_woodcutter:umbran_woodcutter}[facing=south,waterlogged=true], Block{corail_woodcutter:birch_woodcutter}[facing=east,waterlogged=true], Block{corail_woodcutter:crimson_woodcutter}[facing=south,waterlogged=true], Block{corail_woodcutter:palm_woodcutter}[facing=north,waterlogged=true], Block{corail_woodcutter:acacia_woodcutter}[facing=west,waterlogged=false], Block{corail_woodcutter:magic_woodcutter}[facing=west,waterlogged=false], Block{corail_woodcutter:dark_oak_woodcutter}[facing=north,waterlogged=true], Block{corail_woodcutter:jungle_woodcutter}[facing=west,waterlogged=false], Block{corail_woodcutter:redwood_woodcutter}[facing=north,waterlogged=true], Block{corail_woodcutter:fir_woodcutter}[facing=west,waterlogged=true], Block{corail_woodcutter:magic_woodcutter}[facing=west,waterlogged=true], Block{corail_woodcutter:acacia_woodcutter}[facing=south,waterlogged=true], Block{corail_woodcutter:cherry_woodcutter}[facing=east,waterlogged=true], Block{corail_woodcutter:oak_woodcutter}[facing=west,waterlogged=true], Block{corail_woodcutter:mahogany_woodcutter}[facing=north,waterlogged=false], Block{corail_woodcutter:redwood_woodcutter}[facing=south,waterlogged=true], Block{corail_woodcutter:palm_woodcutter}[facing=north,waterlogged=false], Block{corail_woodcutter:willow_woodcutter}[facing=south,waterlogged=true], Block{corail_woodcutter:dead_woodcutter}[facing=north,waterlogged=true], Block{corail_woodcutter:umbran_woodcutter}[facing=east,waterlogged=false], Block{corail_woodcutter:hellbark_woodcutter}[facing=south,waterlogged=false], Block{corail_woodcutter:birch_woodcutter}[facing=east,waterlogged=false], Block{corail_woodcutter:hellbark_woodcutter}[facing=north,waterlogged=false], Block{corail_woodcutter:acacia_woodcutter}[facing=north,waterlogged=false], Block{corail_woodcutter:umbran_woodcutter}[facing=west,waterlogged=false], Block{corail_woodcutter:crimson_woodcutter}[facing=west,waterlogged=false], Block{corail_woodcutter:magic_woodcutter}[facing=south,waterlogged=true], Block{corail_woodcutter:oak_woodcutter}[facing=west,waterlogged=false], Block{corail_woodcutter:umbran_woodcutter}[facing=north,waterlogged=true], Block{corail_woodcutter:crimson_woodcutter}[facing=east,waterlogged=true], Block{corail_woodcutter:warped_woodcutter}[facing=west,waterlogged=true], Block{corail_woodcutter:jungle_woodcutter}[facing=south,waterlogged=false], Block{corail_woodcutter:jungle_woodcutter}[facing=west,waterlogged=true], Block{corail_woodcutter:crimson_woodcutter}[facing=east,waterlogged=false], Block{corail_woodcutter:willow_woodcutter}[facing=east,waterlogged=false], Block{corail_woodcutter:warped_woodcutter}[facing=north,waterlogged=true], Block{corail_woodcutter:mahogany_woodcutter}[facing=north,waterlogged=true], Block{corail_woodcutter:umbran_woodcutter}[facing=east,waterlogged=true], Block{corail_woodcutter:dead_woodcutter}[facing=south,waterlogged=true], Block{corail_woodcutter:jacaranda_woodcutter}[facing=west,waterlogged=true], Block{corail_woodcutter:dark_oak_woodcutter}[facing=west,waterlogged=true], Block{corail_woodcutter:fir_woodcutter}[facing=south,waterlogged=false], Block{corail_woodcutter:fir_woodcutter}[facing=north,waterlogged=false], Block{corail_woodcutter:acacia_woodcutter}[facing=east,waterlogged=true], Block{corail_woodcutter:jacaranda_woodcutter}[facing=west,waterlogged=false], Block{corail_woodcutter:mangrove_woodcutter}[facing=south,waterlogged=true], Block{corail_woodcutter:jacaranda_woodcutter}[facing=south,waterlogged=false], Block{corail_woodcutter:dark_oak_woodcutter}[facing=north,waterlogged=false], Block{corail_woodcutter:oak_woodcutter}[facing=east,waterlogged=false], Block{corail_woodcutter:dead_woodcutter}[facing=west,waterlogged=true], Block{corail_woodcutter:spruce_woodcutter}[facing=north,waterlogged=false], Block{corail_woodcutter:dark_oak_woodcutter}[facing=west,waterlogged=false], Block{corail_woodcutter:dead_woodcutter}[facing=east,waterlogged=true], Block{corail_woodcutter:oak_woodcutter}[facing=north,waterlogged=false], Block{corail_woodcutter:dark_oak_woodcutter}[facing=east,waterlogged=true], Block{corail_woodcutter:magic_woodcutter}[facing=north,waterlogged=true], Block{corail_woodcutter:redwood_woodcutter}[facing=north,waterlogged=false], Block{corail_woodcutter:fir_woodcutter}[facing=east,waterlogged=false], Block{corail_woodcutter:umbran_woodcutter}[facing=south,waterlogged=false], Block{corail_woodcutter:palm_woodcutter}[facing=south,waterlogged=false], Block{corail_woodcutter:warped_woodcutter}[facing=east,waterlogged=true], Block{corail_woodcutter:hellbark_woodcutter}[facing=east,waterlogged=false], Block{corail_woodcutter:jungle_woodcutter}[facing=east,waterlogged=true], Block{corail_woodcutter:spruce_woodcutter}[facing=west,waterlogged=true], Block{corail_woodcutter:mangrove_woodcutter}[facing=east,waterlogged=true], Block{corail_woodcutter:dead_woodcutter}[facing=west,waterlogged=false], Block{corail_woodcutter:spruce_woodcutter}[facing=south,waterlogged=false], Block{corail_woodcutter:hellbark_woodcutter}[facing=east,waterlogged=true], Block{corail_woodcutter:umbran_woodcutter}[facing=west,waterlogged=true], Block{corail_woodcutter:cherry_woodcutter}[facing=west,waterlogged=false], Block{corail_woodcutter:jacaranda_woodcutter}[facing=south,waterlogged=true], Block{corail_woodcutter:palm_woodcutter}[facing=west,waterlogged=true], Block{corail_woodcutter:oak_woodcutter}[facing=east,waterlogged=true], Block{corail_woodcutter:birch_woodcutter}[facing=south,waterlogged=false], Block{corail_woodcutter:mangrove_woodcutter}[facing=south,waterlogged=false], Block{corail_woodcutter:crimson_woodcutter}[facing=north,waterlogged=true], Block{corail_woodcutter:crimson_woodcutter}[facing=south,waterlogged=false], Block{corail_woodcutter:dead_woodcutter}[facing=south,waterlogged=false], Block{corail_woodcutter:fir_woodcutter}[facing=east,waterlogged=true], Block{corail_woodcutter:mahogany_woodcutter}[facing=south,waterlogged=false], Block{corail_woodcutter:acacia_woodcutter}[facing=west,waterlogged=true], Block{corail_woodcutter:umbran_woodcutter}[facing=north,waterlogged=false], Block{corail_woodcutter:dead_woodcutter}[facing=east,waterlogged=false], Block{corail_woodcutter:acacia_woodcutter}[facing=north,waterlogged=true], Block{corail_woodcutter:oak_woodcutter}[facing=south,waterlogged=false], Block{corail_woodcutter:jacaranda_woodcutter}[facing=north,waterlogged=false], Block{corail_woodcutter:oak_woodcutter}[facing=south,waterlogged=true], Block{corail_woodcutter:warped_woodcutter}[facing=east,waterlogged=false], Block{corail_woodcutter:crimson_woodcutter}[facing=west,waterlogged=true], Block{corail_woodcutter:mangrove_woodcutter}[facing=west,waterlogged=true], Block{corail_woodcutter:birch_woodcutter}[facing=west,waterlogged=false], Block{corail_woodcutter:fir_woodcutter}[facing=north,waterlogged=true], Block{corail_woodcutter:mangrove_woodcutter}[facing=east,waterlogged=false], Block{corail_woodcutter:palm_woodcutter}[facing=east,waterlogged=false], Block{corail_woodcutter:redwood_woodcutter}[facing=west,waterlogged=true], Block{corail_woodcutter:redwood_woodcutter}[facing=south,waterlogged=false], Block{corail_woodcutter:warped_woodcutter}[facing=south,waterlogged=true], Block{corail_woodcutter:willow_woodcutter}[facing=north,waterlogged=false], Block{corail_woodcutter:willow_woodcutter}[facing=west,waterlogged=false], Block{corail_woodcutter:cherry_woodcutter}[facing=south,waterlogged=false], Block{corail_woodcutter:crimson_woodcutter}[facing=north,waterlogged=false], Block{corail_woodcutter:mahogany_woodcutter}[facing=south,waterlogged=true], Block{corail_woodcutter:hellbark_woodcutter}[facing=west,waterlogged=true], Block{corail_woodcutter:jungle_woodcutter}[facing=east,waterlogged=false], Block{corail_woodcutter:palm_woodcutter}[facing=east,waterlogged=true], Block{corail_woodcutter:warped_woodcutter}[facing=south,waterlogged=false], Block{corail_woodcutter:spruce_woodcutter}[facing=west,waterlogged=false], Block{corail_woodcutter:cherry_woodcutter}[facing=west,waterlogged=true], Block{corail_woodcutter:fir_woodcutter}[facing=south,waterlogged=true], Block{corail_woodcutter:acacia_woodcutter}[facing=south,waterlogged=false], Block{corail_woodcutter:cherry_woodcutter}[facing=south,waterlogged=true], Block{corail_woodcutter:magic_woodcutter}[facing=north,waterlogged=false], Block{corail_woodcutter:spruce_woodcutter}[facing=east,waterlogged=false], Block{corail_woodcutter:birch_woodcutter}[facing=north,waterlogged=false], Block{corail_woodcutter:willow_woodcutter}[facing=south,waterlogged=false], Block{corail_woodcutter:willow_woodcutter}[facing=east,waterlogged=true], Block{corail_woodcutter:dark_oak_woodcutter}[facing=south,waterlogged=true], Block{corail_woodcutter:mahogany_woodcutter}[facing=east,waterlogged=false], Block{corail_woodcutter:palm_woodcutter}[facing=west,waterlogged=false], Block{corail_woodcutter:jacaranda_woodcutter}[facing=east,waterlogged=true], Block{corail_woodcutter:cherry_woodcutter}[facing=north,waterlogged=true], Block{corail_woodcutter:spruce_woodcutter}[facing=east,waterlogged=true], Block{corail_woodcutter:hellbark_woodcutter}[facing=west,waterlogged=false], Block{corail_woodcutter:redwood_woodcutter}[facing=west,waterlogged=false], Block{corail_woodcutter:warped_woodcutter}[facing=west,waterlogged=false], Block{corail_woodcutter:dark_oak_woodcutter}[facing=east,waterlogged=false], Block{corail_woodcutter:cherry_woodcutter}[facing=north,waterlogged=false], Block{corail_woodcutter:birch_woodcutter}[facing=south,waterlogged=true], Block{corail_woodcutter:mahogany_woodcutter}[facing=east,waterlogged=true], Block{corail_woodcutter:magic_woodcutter}[facing=east,waterlogged=true], Block{corail_woodcutter:birch_woodcutter}[facing=north,waterlogged=true], Block{corail_woodcutter:mangrove_woodcutter}[facing=north,waterlogged=true], Block{corail_woodcutter:jacaranda_woodcutter}[facing=north,waterlogged=true], Block{corail_woodcutter:fir_woodcutter}[facing=west,waterlogged=false], Block{corail_woodcutter:hellbark_woodcutter}[facing=south,waterlogged=true], Block{corail_woodcutter:hellbark_woodcutter}[facing=north,waterlogged=true], Block{corail_woodcutter:mangrove_woodcutter}[facing=north,waterlogged=false], Block{corail_woodcutter:jacaranda_woodcutter}[facing=east,waterlogged=false], Block{corail_woodcutter:spruce_woodcutter}[facing=south,waterlogged=true], Block{corail_woodcutter:magic_woodcutter}[facing=south,waterlogged=false], Block{corail_woodcutter:palm_woodcutter}[facing=south,waterlogged=true], Block{corail_woodcutter:warped_woodcutter}[facing=north,waterlogged=false], Block{corail_woodcutter:cherry_woodcutter}[facing=east,waterlogged=false], Block{corail_woodcutter:jungle_woodcutter}[facing=south,waterlogged=true], Block{corail_woodcutter:mangrove_woodcutter}[facing=west,waterlogged=false], Block{corail_woodcutter:acacia_woodcutter}[facing=east,waterlogged=false], Block{corail_woodcutter:redwood_woodcutter}[facing=east,waterlogged=false], Block{corail_woodcutter:mahogany_woodcutter}[facing=west,waterlogged=false]], maxTickets=1, validRange=1]"
"domesticationinnovation:pet_bed","PoiType[matchingStates=[Block{domesticationinnovation:pet_bed_orange}[facing=west,waterlogged=false], Block{domesticationinnovation:pet_bed_yellow}[facing=west,waterlogged=true], Block{domesticationinnovation:pet_bed_brown}[facing=west,waterlogged=true], Block{domesticationinnovation:pet_bed_orange}[facing=south,waterlogged=false], Block{domesticationinnovation:pet_bed_magenta}[facing=east,waterlogged=true], Block{domesticationinnovation:pet_bed_blue}[facing=north,waterlogged=false], Block{domesticationinnovation:pet_bed_blue}[facing=west,waterlogged=false], Block{domesticationinnovation:pet_bed_green}[facing=south,waterlogged=false], Block{domesticationinnovation:pet_bed_lime}[facing=north,waterlogged=true], Block{domesticationinnovation:pet_bed_blue}[facing=east,waterlogged=true], Block{domesticationinnovation:pet_bed_purple}[facing=north,waterlogged=true], Block{domesticationinnovation:pet_bed_lime}[facing=west,waterlogged=true], Block{domesticationinnovation:pet_bed_pink}[facing=east,waterlogged=true], Block{domesticationinnovation:pet_bed_red}[facing=south,waterlogged=true], Block{domesticationinnovation:pet_bed_lime}[facing=east,waterlogged=false], Block{domesticationinnovation:pet_bed_orange}[facing=north,waterlogged=false], Block{domesticationinnovation:pet_bed_purple}[facing=south,waterlogged=true], Block{domesticationinnovation:pet_bed_light_gray}[facing=east,waterlogged=true], Block{domesticationinnovation:pet_bed_white}[facing=north,waterlogged=false], Block{domesticationinnovation:pet_bed_cyan}[facing=south,waterlogged=false], Block{domesticationinnovation:pet_bed_pink}[facing=east,waterlogged=false], Block{domesticationinnovation:pet_bed_orange}[facing=east,waterlogged=true], Block{domesticationinnovation:pet_bed_brown}[facing=east,waterlogged=true], Block{domesticationinnovation:pet_bed_gray}[facing=east,waterlogged=true], Block{domesticationinnovation:pet_bed_gray}[facing=north,waterlogged=false], Block{domesticationinnovation:pet_bed_white}[facing=east,waterlogged=true], Block{domesticationinnovation:pet_bed_lime}[facing=east,waterlogged=true], Block{domesticationinnovation:pet_bed_pink}[facing=west,waterlogged=false], Block{domesticationinnovation:pet_bed_black}[facing=north,waterlogged=true], Block{domesticationinnovation:pet_bed_lime}[facing=south,waterlogged=true], Block{domesticationinnovation:pet_bed_red}[facing=north,waterlogged=true], Block{domesticationinnovation:pet_bed_purple}[facing=west,waterlogged=true], Block{domesticationinnovation:pet_bed_cyan}[facing=east,waterlogged=false], Block{domesticationinnovation:pet_bed_blue}[facing=west,waterlogged=true], Block{domesticationinnovation:pet_bed_brown}[facing=north,waterlogged=false], Block{domesticationinnovation:pet_bed_green}[facing=east,waterlogged=true], Block{domesticationinnovation:pet_bed_light_gray}[facing=north,waterlogged=true], Block{domesticationinnovation:pet_bed_red}[facing=east,waterlogged=true], Block{domesticationinnovation:pet_bed_white}[facing=north,waterlogged=true], Block{domesticationinnovation:pet_bed_light_blue}[facing=east,waterlogged=false], Block{domesticationinnovation:pet_bed_pink}[facing=west,waterlogged=true], Block{domesticationinnovation:pet_bed_light_blue}[facing=west,waterlogged=false], Block{domesticationinnovation:pet_bed_yellow}[facing=north,waterlogged=false], Block{domesticationinnovation:pet_bed_light_blue}[facing=south,waterlogged=true], Block{domesticationinnovation:pet_bed_red}[facing=south,waterlogged=false], Block{domesticationinnovation:pet_bed_magenta}[facing=west,waterlogged=false], Block{domesticationinnovation:pet_bed_magenta}[facing=south,waterlogged=true], Block{domesticationinnovation:pet_bed_blue}[facing=south,waterlogged=true], Block{domesticationinnovation:pet_bed_brown}[facing=east,waterlogged=false], Block{domesticationinnovation:pet_bed_magenta}[facing=east,waterlogged=false], Block{domesticationinnovation:pet_bed_pink}[facing=south,waterlogged=false], Block{domesticationinnovation:pet_bed_light_blue}[facing=north,waterlogged=true], Block{domesticationinnovation:pet_bed_gray}[facing=south,waterlogged=false], Block{domesticationinnovation:pet_bed_yellow}[facing=east,waterlogged=false], Block{domesticationinnovation:pet_bed_yellow}[facing=south,waterlogged=false], Block{domesticationinnovation:pet_bed_light_gray}[facing=north,waterlogged=false], Block{domesticationinnovation:pet_bed_orange}[facing=east,waterlogged=false], Block{domesticationinnovation:pet_bed_blue}[facing=north,waterlogged=true], Block{domesticationinnovation:pet_bed_light_gray}[facing=east,waterlogged=false], Block{domesticationinnovation:pet_bed_white}[facing=east,waterlogged=false], Block{domesticationinnovation:pet_bed_gray}[facing=east,waterlogged=false], Block{domesticationinnovation:pet_bed_light_blue}[facing=south,waterlogged=false], Block{domesticationinnovation:pet_bed_white}[facing=west,waterlogged=false], Block{domesticationinnovation:pet_bed_green}[facing=west,waterlogged=true], Block{domesticationinnovation:pet_bed_green}[facing=east,waterlogged=false], Block{domesticationinnovation:pet_bed_gray}[facing=west,waterlogged=false], Block{domesticationinnovation:pet_bed_brown}[facing=south,waterlogged=false], Block{domesticationinnovation:pet_bed_red}[facing=west,waterlogged=false], Block{domesticationinnovation:pet_bed_purple}[facing=north,waterlogged=false], Block{domesticationinnovation:pet_bed_orange}[facing=south,waterlogged=true], Block{domesticationinnovation:pet_bed_light_gray}[facing=west,waterlogged=true], Block{domesticationinnovation:pet_bed_cyan}[facing=north,waterlogged=false], Block{domesticationinnovation:pet_bed_light_gray}[facing=south,waterlogged=false], Block{domesticationinnovation:pet_bed_orange}[facing=west,waterlogged=true], Block{domesticationinnovation:pet_bed_black}[facing=east,waterlogged=true], Block{domesticationinnovation:pet_bed_white}[facing=south,waterlogged=false], Block{domesticationinnovation:pet_bed_magenta}[facing=south,waterlogged=false], Block{domesticationinnovation:pet_bed_pink}[facing=south,waterlogged=true], Block{domesticationinnovation:pet_bed_purple}[facing=west,waterlogged=false], Block{domesticationinnovation:pet_bed_yellow}[facing=east,waterlogged=true], Block{domesticationinnovation:pet_bed_brown}[facing=north,waterlogged=true], Block{domesticationinnovation:pet_bed_blue}[facing=east,waterlogged=false], Block{domesticationinnovation:pet_bed_gray}[facing=south,waterlogged=true], Block{domesticationinnovation:pet_bed_red}[facing=east,waterlogged=false], Block{domesticationinnovation:pet_bed_green}[facing=south,waterlogged=true], Block{domesticationinnovation:pet_bed_cyan}[facing=west,waterlogged=false], Block{domesticationinnovation:pet_bed_pink}[facing=north,waterlogged=false], Block{domesticationinnovation:pet_bed_light_blue}[facing=north,waterlogged=false], Block{domesticationinnovation:pet_bed_black}[facing=east,waterlogged=false], Block{domesticationinnovation:pet_bed_lime}[facing=south,waterlogged=false], Block{domesticationinnovation:pet_bed_gray}[facing=north,waterlogged=true], Block{domesticationinnovation:pet_bed_gray}[facing=west,waterlogged=true], Block{domesticationinnovation:pet_bed_black}[facing=west,waterlogged=true], Block{domesticationinnovation:pet_bed_yellow}[facing=south,waterlogged=true], Block{domesticationinnovation:pet_bed_pink}[facing=north,waterlogged=true], Block{domesticationinnovation:pet_bed_green}[facing=north,waterlogged=false], Block{domesticationinnovation:pet_bed_cyan}[facing=east,waterlogged=true], Block{domesticationinnovation:pet_bed_black}[facing=west,waterlogged=false], Block{domesticationinnovation:pet_bed_white}[facing=west,waterlogged=true], Block{domesticationinnovation:pet_bed_magenta}[facing=west,waterlogged=true], Block{domesticationinnovation:pet_bed_brown}[facing=south,waterlogged=true], Block{domesticationinnovation:pet_bed_blue}[facing=south,waterlogged=false], Block{domesticationinnovation:pet_bed_green}[facing=north,waterlogged=true], Block{domesticationinnovation:pet_bed_purple}[facing=south,waterlogged=false], Block{domesticationinnovation:pet_bed_red}[facing=north,waterlogged=false], Block{domesticationinnovation:pet_bed_light_blue}[facing=east,waterlogged=true], Block{domesticationinnovation:pet_bed_light_blue}[facing=west,waterlogged=true], Block{domesticationinnovation:pet_bed_lime}[facing=north,waterlogged=false], Block{domesticationinnovation:pet_bed_yellow}[facing=west,waterlogged=false], Block{domesticationinnovation:pet_bed_black}[facing=north,waterlogged=false], Block{domesticationinnovation:pet_bed_orange}[facing=north,waterlogged=true], Block{domesticationinnovation:pet_bed_cyan}[facing=south,waterlogged=true], Block{domesticationinnovation:pet_bed_green}[facing=west,waterlogged=false], Block{domesticationinnovation:pet_bed_brown}[facing=west,waterlogged=false], Block{domesticationinnovation:pet_bed_cyan}[facing=north,waterlogged=true], Block{domesticationinnovation:pet_bed_lime}[facing=west,waterlogged=false], Block{domesticationinnovation:pet_bed_purple}[facing=east,waterlogged=false], Block{domesticationinnovation:pet_bed_magenta}[facing=north,waterlogged=false], Block{domesticationinnovation:pet_bed_red}[facing=west,waterlogged=true], Block{domesticationinnovation:pet_bed_white}[facing=south,waterlogged=true], Block{domesticationinnovation:pet_bed_black}[facing=south,waterlogged=true], Block{domesticationinnovation:pet_bed_light_gray}[facing=west,waterlogged=false], Block{domesticationinnovation:pet_bed_cyan}[facing=west,waterlogged=true], Block{domesticationinnovation:pet_bed_magenta}[facing=north,waterlogged=true], Block{domesticationinnovation:pet_bed_black}[facing=south,waterlogged=false], Block{domesticationinnovation:pet_bed_light_gray}[facing=south,waterlogged=true], Block{domesticationinnovation:pet_bed_purple}[facing=east,waterlogged=true], Block{domesticationinnovation:pet_bed_yellow}[facing=north,waterlogged=true]], maxTickets=1, validRange=1]"
"gothic:farm_trader","PoiType[matchingStates=[Block{gothic:farmer_table}[facing=west], Block{gothic:farmer_table}[facing=north], Block{gothic:farmer_table}[facing=east], Block{gothic:farmer_table}[facing=south]], maxTickets=1, validRange=1]"
"gothic:new_camp_trader","PoiType[matchingStates=[Block{gothic:burglar_table}[facing=east], Block{gothic:burglar_table}[facing=south], Block{gothic:burglar_table}[facing=west], Block{gothic:burglar_table}[facing=north]], maxTickets=1, validRange=1]"
"gothic:old_camp_trader","PoiType[matchingStates=[Block{gothic:guardian_table}[facing=south], Block{gothic:guardian_table}[facing=north], Block{gothic:guardian_table}[facing=west], Block{gothic:guardian_table}[facing=east]], maxTickets=1, validRange=1]"
"gothic:paladin_trader","PoiType[matchingStates=[Block{gothic:paladin_table}[facing=north], Block{gothic:paladin_table}[facing=east], Block{gothic:paladin_table}[facing=south], Block{gothic:paladin_table}[facing=west]], maxTickets=1, validRange=1]"
"gothic:swamp_camp_trader","PoiType[matchingStates=[Block{gothic:stone_bowl}[facing=west], Block{gothic:stone_bowl}[facing=south], Block{gothic:stone_bowl}[facing=east], Block{gothic:stone_bowl}[facing=north]], maxTickets=1, validRange=1]"
"minecraft:armorer","PoiType[matchingStates=[Block{minecraft:blast_furnace}[facing=east,lit=false], Block{minecraft:blast_furnace}[facing=south,lit=false], Block{minecraft:blast_furnace}[facing=north,lit=false], Block{minecraft:blast_furnace}[facing=south,lit=true], Block{minecraft:blast_furnace}[facing=west,lit=true], Block{minecraft:blast_furnace}[facing=north,lit=true], Block{minecraft:blast_furnace}[facing=east,lit=true], Block{minecraft:blast_furnace}[facing=west,lit=false]], maxTickets=1, validRange=1]"
"minecraft:bee_nest","PoiType[matchingStates=[Block{minecraft:bee_nest}[facing=north,honey_level=3], Block{minecraft:bee_nest}[facing=west,honey_level=2], Block{minecraft:bee_nest}[facing=south,honey_level=4], Block{minecraft:bee_nest}[facing=south,honey_level=1], Block{minecraft:bee_nest}[facing=north,honey_level=1], Block{minecraft:bee_nest}[facing=south,honey_level=0], Block{minecraft:bee_nest}[facing=south,honey_level=3], Block{minecraft:bee_nest}[facing=west,honey_level=4], Block{minecraft:bee_nest}[facing=south,honey_level=2], Block{minecraft:bee_nest}[facing=east,honey_level=4], Block{minecraft:bee_nest}[facing=north,honey_level=2], Block{minecraft:bee_nest}[facing=east,honey_level=2], Block{minecraft:bee_nest}[facing=east,honey_level=0], Block{minecraft:bee_nest}[facing=west,honey_level=3], Block{minecraft:bee_nest}[facing=north,honey_level=4], Block{minecraft:bee_nest}[facing=east,honey_level=1], Block{minecraft:bee_nest}[facing=north,honey_level=0], Block{minecraft:bee_nest}[facing=north,honey_level=5], Block{minecraft:bee_nest}[facing=south,honey_level=5], Block{minecraft:bee_nest}[facing=west,honey_level=5], Block{minecraft:bee_nest}[facing=west,honey_level=0], Block{minecraft:bee_nest}[facing=east,honey_level=5], Block{minecraft:bee_nest}[facing=east,honey_level=3], Block{minecraft:bee_nest}[facing=west,honey_level=1]], maxTickets=0, validRange=1]"
"minecraft:beehive","PoiType[matchingStates=[Block{minecraft:beehive}[facing=west,honey_level=3], Block{minecraft:beehive}[facing=north,honey_level=5], Block{minecraft:beehive}[facing=north,honey_level=0], Block{minecraft:beehive}[facing=west,honey_level=0], Block{minecraft:beehive}[facing=north,honey_level=2], Block{minecraft:beehive}[facing=south,honey_level=5], Block{minecraft:beehive}[facing=north,honey_level=4], Block{minecraft:beehive}[facing=south,honey_level=4], Block{minecraft:beehive}[facing=west,honey_level=2], Block{minecraft:beehive}[facing=east,honey_level=2], Block{minecraft:beehive}[facing=east,honey_level=0], Block{minecraft:beehive}[facing=west,honey_level=1], Block{minecraft:beehive}[facing=north,honey_level=3], Block{minecraft:beehive}[facing=east,honey_level=4], Block{minecraft:beehive}[facing=east,honey_level=5], Block{minecraft:beehive}[facing=east,honey_level=1], Block{minecraft:beehive}[facing=north,honey_level=1], Block{minecraft:beehive}[facing=south,honey_level=0], Block{minecraft:beehive}[facing=south,honey_level=2], Block{minecraft:beehive}[facing=south,honey_level=3], Block{minecraft:beehive}[facing=west,honey_level=5], Block{minecraft:beehive}[facing=east,honey_level=3], Block{minecraft:beehive}[facing=south,honey_level=1], Block{minecraft:beehive}[facing=west,honey_level=4]], maxTickets=0, validRange=1]"
"minecraft:butcher","PoiType[matchingStates=[Block{minecraft:smoker}[facing=east,lit=false], Block{minecraft:smoker}[facing=east,lit=true], Block{minecraft:smoker}[facing=west,lit=false], Block{minecraft:smoker}[facing=south,lit=false], Block{minecraft:smoker}[facing=north,lit=true], Block{minecraft:smoker}[facing=north,lit=false], Block{minecraft:smoker}[facing=south,lit=true], Block{minecraft:smoker}[facing=west,lit=true]], maxTickets=1, validRange=1]"
"minecraft:cartographer","PoiType[matchingStates=[Block{minecraft:cartography_table}], maxTickets=1, validRange=1]"
"minecraft:cleric","PoiType[matchingStates=[Block{minecraft:brewing_stand}[has_bottle_0=true,has_bottle_1=false,has_bottle_2=false], Block{minecraft:brewing_stand}[has_bottle_0=false,has_bottle_1=true,has_bottle_2=false], Block{minecraft:brewing_stand}[has_bottle_0=true,has_bottle_1=true,has_bottle_2=false], Block{minecraft:brewing_stand}[has_bottle_0=true,has_bottle_1=true,has_bottle_2=true], Block{minecraft:brewing_stand}[has_bottle_0=true,has_bottle_1=false,has_bottle_2=true], Block{minecraft:brewing_stand}[has_bottle_0=false,has_bottle_1=false,has_bottle_2=false], Block{minecraft:brewing_stand}[has_bottle_0=false,has_bottle_1=false,has_bottle_2=true], Block{minecraft:brewing_stand}[has_bottle_0=false,has_bottle_1=true,has_bottle_2=true]], maxTickets=1, validRange=1]"
"minecraft:farmer","PoiType[matchingStates=[Block{minecraft:composter}[level=3], Block{minecraft:composter}[level=5], Block{minecraft:composter}[level=7], Block{minecraft:composter}[level=1], Block{minecraft:composter}[level=2], Block{minecraft:composter}[level=0], Block{minecraft:composter}[level=6], Block{minecraft:composter}[level=4], Block{minecraft:composter}[level=8]], maxTickets=1, validRange=1]"
"minecraft:fisherman","PoiType[matchingStates=[Block{minecraft:barrel}[facing=south,open=true], Block{minecraft:barrel}[facing=north,open=true], Block{minecraft:barrel}[facing=west,open=true], Block{minecraft:barrel}[facing=down,open=false], Block{minecraft:barrel}[facing=north,open=false], Block{minecraft:barrel}[facing=up,open=true], Block{minecraft:barrel}[facing=down,open=true], Block{minecraft:barrel}[facing=east,open=true], Block{minecraft:barrel}[facing=west,open=false], Block{minecraft:barrel}[facing=east,open=false], Block{minecraft:barrel}[facing=up,open=false], Block{minecraft:barrel}[facing=south,open=false]], maxTickets=1, validRange=1]"
"minecraft:fletcher","PoiType[matchingStates=[Block{minecraft:fletching_table}], maxTickets=1, validRange=1]"
"minecraft:home","PoiType[matchingStates=[Block{minecraft:white_bed}[facing=north,occupied=false,part=head], Block{minecraft:yellow_bed}[facing=east,occupied=false,part=head], Block{minecraft:green_bed}[facing=north,occupied=true,part=head], Block{minecraft:light_blue_bed}[facing=north,occupied=true,part=head], Block{minecraft:orange_bed}[facing=west,occupied=true,part=head], Block{minecraft:light_blue_bed}[facing=south,occupied=true,part=head], Block{minecraft:light_blue_bed}[facing=west,occupied=true,part=head], Block{minecraft:green_bed}[facing=west,occupied=false,part=head], Block{minecraft:yellow_bed}[facing=west,occupied=true,part=head], Block{minecraft:black_bed}[facing=north,occupied=true,part=head], Block{minecraft:light_gray_bed}[facing=north,occupied=false,part=head], Block{minecraft:cyan_bed}[facing=east,occupied=true,part=head], Block{minecraft:light_gray_bed}[facing=south,occupied=true,part=head], Block{minecraft:lime_bed}[facing=north,occupied=false,part=head], Block{minecraft:gray_bed}[facing=east,occupied=true,part=head], Block{minecraft:pink_bed}[facing=east,occupied=false,part=head], Block{minecraft:gray_bed}[facing=west,occupied=true,part=head], Block{minecraft:brown_bed}[facing=west,occupied=false,part=head], Block{minecraft:green_bed}[facing=east,occupied=true,part=head], Block{minecraft:purple_bed}[facing=west,occupied=true,part=head], Block{minecraft:white_bed}[facing=west,occupied=true,part=head], Block{minecraft:cyan_bed}[facing=south,occupied=false,part=head], Block{minecraft:light_blue_bed}[facing=south,occupied=false,part=head], Block{minecraft:lime_bed}[facing=east,occupied=false,part=head], Block{minecraft:lime_bed}[facing=east,occupied=true,part=head], Block{minecraft:lime_bed}[facing=south,occupied=true,part=head], Block{minecraft:red_bed}[facing=north,occupied=true,part=head], Block{minecraft:pink_bed}[facing=west,occupied=true,part=head], Block{minecraft:magenta_bed}[facing=north,occupied=false,part=head], Block{minecraft:red_bed}[facing=south,occupied=false,part=head], Block{minecraft:gray_bed}[facing=south,occupied=true,part=head], Block{minecraft:brown_bed}[facing=north,occupied=false,part=head], Block{minecraft:brown_bed}[facing=south,occupied=true,part=head], Block{minecraft:magenta_bed}[facing=east,occupied=false,part=head], Block{minecraft:light_gray_bed}[facing=south,occupied=false,part=head], Block{minecraft:red_bed}[facing=west,occupied=true,part=head], Block{minecraft:orange_bed}[facing=south,occupied=true,part=head], Block{minecraft:magenta_bed}[facing=north,occupied=true,part=head], Block{minecraft:yellow_bed}[facing=west,occupied=false,part=head], Block{minecraft:blue_bed}[facing=south,occupied=false,part=head], Block{minecraft:light_blue_bed}[facing=west,occupied=false,part=head], Block{minecraft:purple_bed}[facing=east,occupied=false,part=head], Block{minecraft:red_bed}[facing=west,occupied=false,part=head], Block{minecraft:brown_bed}[facing=north,occupied=true,part=head], Block{minecraft:light_blue_bed}[facing=north,occupied=false,part=head], Block{minecraft:white_bed}[facing=west,occupied=false,part=head], Block{minecraft:lime_bed}[facing=west,occupied=false,part=head], Block{minecraft:green_bed}[facing=south,occupied=true,part=head], Block{minecraft:magenta_bed}[facing=west,occupied=true,part=head], Block{minecraft:purple_bed}[facing=east,occupied=true,part=head], Block{minecraft:yellow_bed}[facing=north,occupied=true,part=head], Block{minecraft:light_blue_bed}[facing=east,occupied=false,part=head], Block{minecraft:magenta_bed}[facing=east,occupied=true,part=head], Block{minecraft:red_bed}[facing=east,occupied=true,part=head], Block{minecraft:brown_bed}[facing=west,occupied=true,part=head], Block{minecraft:gray_bed}[facing=west,occupied=false,part=head], Block{minecraft:brown_bed}[facing=south,occupied=false,part=head], Block{minecraft:purple_bed}[facing=north,occupied=true,part=head], Block{minecraft:purple_bed}[facing=south,occupied=true,part=head], Block{minecraft:gray_bed}[facing=north,occupied=true,part=head], Block{minecraft:pink_bed}[facing=east,occupied=true,part=head], Block{minecraft:cyan_bed}[facing=east,occupied=false,part=head], Block{minecraft:brown_bed}[facing=east,occupied=false,part=head], Block{minecraft:yellow_bed}[facing=south,occupied=true,part=head], Block{minecraft:blue_bed}[facing=north,occupied=false,part=head], Block{minecraft:pink_bed}[facing=west,occupied=false,part=head], Block{minecraft:white_bed}[facing=south,occupied=false,part=head], Block{minecraft:black_bed}[facing=west,occupied=false,part=head], Block{minecraft:yellow_bed}[facing=north,occupied=false,part=head], Block{minecraft:lime_bed}[facing=west,occupied=true,part=head], Block{minecraft:pink_bed}[facing=south,occupied=false,part=head], Block{minecraft:pink_bed}[facing=south,occupied=true,part=head], Block{minecraft:light_gray_bed}[facing=west,occupied=false,part=head], Block{minecraft:orange_bed}[facing=west,occupied=false,part=head], Block{minecraft:blue_bed}[facing=north,occupied=true,part=head], Block{minecraft:blue_bed}[facing=west,occupied=false,part=head], Block{minecraft:orange_bed}[facing=east,occupied=true,part=head], Block{minecraft:light_gray_bed}[facing=east,occupied=true,part=head], Block{minecraft:lime_bed}[facing=north,occupied=true,part=head], Block{minecraft:yellow_bed}[facing=east,occupied=true,part=head], Block{minecraft:gray_bed}[facing=north,occupied=false,part=head], Block{minecraft:gray_bed}[facing=east,occupied=false,part=head], Block{minecraft:cyan_bed}[facing=west,occupied=false,part=head], Block{minecraft:orange_bed}[facing=north,occupied=true,part=head], Block{minecraft:light_gray_bed}[facing=north,occupied=true,part=head], Block{minecraft:gray_bed}[facing=south,occupied=false,part=head], Block{minecraft:magenta_bed}[facing=west,occupied=false,part=head], Block{minecraft:black_bed}[facing=west,occupied=true,part=head], Block{minecraft:purple_bed}[facing=west,occupied=false,part=head], Block{minecraft:orange_bed}[facing=east,occupied=false,part=head], Block{minecraft:magenta_bed}[facing=south,occupied=false,part=head], Block{minecraft:cyan_bed}[facing=west,occupied=true,part=head], Block{minecraft:white_bed}[facing=east,occupied=true,part=head], Block{minecraft:green_bed}[facing=south,occupied=false,part=head], Block{minecraft:black_bed}[facing=east,occupied=true,part=head], Block{minecraft:white_bed}[facing=east,occupied=false,part=head], Block{minecraft:black_bed}[facing=south,occupied=true,part=head], Block{minecraft:green_bed}[facing=west,occupied=true,part=head], Block{minecraft:purple_bed}[facing=north,occupied=false,part=head], Block{minecraft:black_bed}[facing=north,occupied=false,part=head], Block{minecraft:white_bed}[facing=north,occupied=true,part=head], Block{minecraft:red_bed}[facing=east,occupied=false,part=head], Block{minecraft:pink_bed}[facing=north,occupied=true,part=head], Block{minecraft:cyan_bed}[facing=north,occupied=true,part=head], Block{minecraft:blue_bed}[facing=east,occupied=false,part=head], Block{minecraft:cyan_bed}[facing=north,occupied=false,part=head], Block{minecraft:black_bed}[facing=south,occupied=false,part=head], Block{minecraft:orange_bed}[facing=south,occupied=false,part=head], Block{minecraft:magenta_bed}[facing=south,occupied=true,part=head], Block{minecraft:light_gray_bed}[facing=west,occupied=true,part=head], Block{minecraft:red_bed}[facing=south,occupied=true,part=head], Block{minecraft:green_bed}[facing=east,occupied=false,part=head], Block{minecraft:white_bed}[facing=south,occupied=true,part=head], Block{minecraft:green_bed}[facing=north,occupied=false,part=head], Block{minecraft:yellow_bed}[facing=south,occupied=false,part=head], Block{minecraft:blue_bed}[facing=east,occupied=true,part=head], Block{minecraft:lime_bed}[facing=south,occupied=false,part=head], Block{minecraft:light_blue_bed}[facing=east,occupied=true,part=head], Block{minecraft:red_bed}[facing=north,occupied=false,part=head], Block{minecraft:blue_bed}[facing=south,occupied=true,part=head], Block{minecraft:light_gray_bed}[facing=east,occupied=false,part=head], Block{minecraft:cyan_bed}[facing=south,occupied=true,part=head], Block{minecraft:orange_bed}[facing=north,occupied=false,part=head], Block{minecraft:brown_bed}[facing=east,occupied=true,part=head], Block{minecraft:black_bed}[facing=east,occupied=false,part=head], Block{minecraft:blue_bed}[facing=west,occupied=true,part=head], Block{minecraft:pink_bed}[facing=north,occupied=false,part=head], Block{minecraft:purple_bed}[facing=south,occupied=false,part=head]], maxTickets=1, validRange=1]"
"minecraft:leatherworker","PoiType[matchingStates=[Block{minecraft:water_cauldron}[level=2], Block{minecraft:cauldron}, Block{minecraft:powder_snow_cauldron}[level=3], Block{minecraft:lava_cauldron}, Block{minecraft:water_cauldron}[level=3], Block{minecraft:powder_snow_cauldron}[level=1], Block{minecraft:powder_snow_cauldron}[level=2], Block{minecraft:water_cauldron}[level=1]], maxTickets=1, validRange=1]"
"minecraft:librarian","PoiType[matchingStates=[Block{minecraft:lectern}[facing=east,has_book=false,powered=false], Block{minecraft:lectern}[facing=south,has_book=false,powered=false], Block{minecraft:lectern}[facing=west,has_book=false,powered=true], Block{minecraft:lectern}[facing=west,has_book=true,powered=true], Block{minecraft:lectern}[facing=east,has_book=false,powered=true], Block{minecraft:lectern}[facing=south,has_book=true,powered=true], Block{minecraft:lectern}[facing=north,has_book=true,powered=true], Block{minecraft:lectern}[facing=west,has_book=false,powered=false], Block{minecraft:lectern}[facing=north,has_book=false,powered=false], Block{minecraft:lectern}[facing=north,has_book=true,powered=false], Block{minecraft:lectern}[facing=north,has_book=false,powered=true], Block{minecraft:lectern}[facing=east,has_book=true,powered=true], Block{minecraft:lectern}[facing=east,has_book=true,powered=false], Block{minecraft:lectern}[facing=south,has_book=true,powered=false], Block{minecraft:lectern}[facing=west,has_book=true,powered=false], Block{minecraft:lectern}[facing=south,has_book=false,powered=true]], maxTickets=1, validRange=1]"
"minecraft:lightning_rod","PoiType[matchingStates=[Block{minecraft:lightning_rod}[facing=south,powered=true,waterlogged=true], Block{minecraft:lightning_rod}[facing=north,powered=false,waterlogged=false], Block{minecraft:lightning_rod}[facing=down,powered=false,waterlogged=true], Block{minecraft:lightning_rod}[facing=east,powered=false,waterlogged=true], Block{minecraft:lightning_rod}[facing=south,powered=true,waterlogged=false], Block{minecraft:lightning_rod}[facing=down,powered=true,waterlogged=false], Block{minecraft:lightning_rod}[facing=down,powered=true,waterlogged=true], Block{minecraft:lightning_rod}[facing=up,powered=false,waterlogged=true], Block{minecraft:lightning_rod}[facing=west,powered=false,waterlogged=true], Block{minecraft:lightning_rod}[facing=up,powered=true,waterlogged=false], Block{minecraft:lightning_rod}[facing=up,powered=false,waterlogged=false], Block{minecraft:lightning_rod}[facing=east,powered=true,waterlogged=false], Block{minecraft:lightning_rod}[facing=south,powered=false,waterlogged=false], Block{minecraft:lightning_rod}[facing=north,powered=true,waterlogged=true], Block{minecraft:lightning_rod}[facing=west,powered=true,waterlogged=false], Block{minecraft:lightning_rod}[facing=north,powered=true,waterlogged=false], Block{minecraft:lightning_rod}[facing=up,powered=true,waterlogged=true], Block{minecraft:lightning_rod}[facing=east,powered=false,waterlogged=false], Block{minecraft:lightning_rod}[facing=south,powered=false,waterlogged=true], Block{minecraft:lightning_rod}[facing=north,powered=false,waterlogged=true], Block{minecraft:lightning_rod}[facing=west,powered=true,waterlogged=true], Block{minecraft:lightning_rod}[facing=down,powered=false,waterlogged=false], Block{minecraft:lightning_rod}[facing=east,powered=true,waterlogged=true], Block{minecraft:lightning_rod}[facing=west,powered=false,waterlogged=false]], maxTickets=0, validRange=1]"
"minecraft:lodestone","PoiType[matchingStates=[Block{minecraft:lodestone}], maxTickets=0, validRange=1]"
"minecraft:mason","PoiType[matchingStates=[Block{minecraft:stonecutter}[facing=east], Block{minecraft:stonecutter}[facing=west], Block{minecraft:stonecutter}[facing=south], Block{minecraft:stonecutter}[facing=north]], maxTickets=1, validRange=1]"
"minecraft:meeting","PoiType[matchingStates=[Block{minecraft:bell}[attachment=floor,facing=north,powered=false], Block{minecraft:bell}[attachment=single_wall,facing=south,powered=true], Block{minecraft:bell}[attachment=floor,facing=west,powered=true], Block{minecraft:bell}[attachment=floor,facing=west,powered=false], Block{minecraft:bell}[attachment=single_wall,facing=west,powered=false], Block{minecraft:bell}[attachment=double_wall,facing=south,powered=true], Block{minecraft:bell}[attachment=double_wall,facing=north,powered=false], Block{minecraft:bell}[attachment=single_wall,facing=east,powered=false], Block{minecraft:bell}[attachment=ceiling,facing=east,powered=true], Block{minecraft:bell}[attachment=single_wall,facing=north,powered=true], Block{minecraft:bell}[attachment=ceiling,facing=south,powered=true], Block{minecraft:bell}[attachment=floor,facing=south,powered=false], Block{minecraft:bell}[attachment=double_wall,facing=west,powered=true], Block{minecraft:bell}[attachment=ceiling,facing=west,powered=false], Block{minecraft:bell}[attachment=ceiling,facing=north,powered=false], Block{minecraft:bell}[attachment=ceiling,facing=east,powered=false], Block{minecraft:bell}[attachment=single_wall,facing=south,powered=false], Block{minecraft:bell}[attachment=double_wall,facing=south,powered=false], Block{minecraft:bell}[attachment=single_wall,facing=west,powered=true], Block{minecraft:bell}[attachment=floor,facing=east,powered=false], Block{minecraft:bell}[attachment=double_wall,facing=north,powered=true], Block{minecraft:bell}[attachment=floor,facing=south,powered=true], Block{minecraft:bell}[attachment=floor,facing=north,powered=true], Block{minecraft:bell}[attachment=ceiling,facing=west,powered=true], Block{minecraft:bell}[attachment=ceiling,facing=north,powered=true], Block{minecraft:bell}[attachment=single_wall,facing=east,powered=true], Block{minecraft:bell}[attachment=single_wall,facing=north,powered=false], Block{minecraft:bell}[attachment=double_wall,facing=east,powered=false], Block{minecraft:bell}[attachment=ceiling,facing=south,powered=false], Block{minecraft:bell}[attachment=double_wall,facing=west,powered=false], Block{minecraft:bell}[attachment=double_wall,facing=east,powered=true], Block{minecraft:bell}[attachment=floor,facing=east,powered=true]], maxTickets=32, validRange=6]"
"minecraft:nether_portal","PoiType[matchingStates=[Block{minecraft:nether_portal}[axis=x], Block{minecraft:nether_portal}[axis=z]], maxTickets=0, validRange=1]"
"minecraft:shepherd","PoiType[matchingStates=[Block{minecraft:loom}[facing=west], Block{minecraft:loom}[facing=east], Block{minecraft:loom}[facing=north], Block{minecraft:loom}[facing=south]], maxTickets=1, validRange=1]"
"minecraft:toolsmith","PoiType[matchingStates=[Block{minecraft:smithing_table}], maxTickets=1, validRange=1]"
"minecraft:weaponsmith","PoiType[matchingStates=[Block{minecraft:grindstone}[face=ceiling,facing=east], Block{minecraft:grindstone}[face=wall,facing=north], Block{minecraft:grindstone}[face=ceiling,facing=south], Block{minecraft:grindstone}[face=wall,facing=west], Block{minecraft:grindstone}[face=floor,facing=south], Block{minecraft:grindstone}[face=ceiling,facing=north], Block{minecraft:grindstone}[face=floor,facing=west], Block{minecraft:grindstone}[face=floor,facing=east], Block{minecraft:grindstone}[face=ceiling,facing=west], Block{minecraft:grindstone}[face=wall,facing=south], Block{minecraft:grindstone}[face=floor,facing=north], Block{minecraft:grindstone}[face=wall,facing=east]], maxTickets=1, validRange=1]"
"quark:feeding_trough","PoiType[matchingStates=[Block{quark:feeding_trough}[full=true], Block{quark:feeding_trough}[full=false]], maxTickets=1, validRange=32]"
