"Registry name","ID"
"alexsmobs:alligator_snapping_turtle_hurt",1709
"alexsmobs:alligator_snapping_turtle_idle",1708
"alexsmobs:anaconda_attack",1774
"alexsmobs:anaconda_hurt",1773
"alexsmobs:anaconda_slither",1772
"alexsmobs:anteater_hurt",1776
"alexsmobs:april_fools_music_box",1796
"alexsmobs:april_fools_power_outage",1795
"alexsmobs:april_fools_scream",1794
"alexsmobs:bald_eagle_hurt",1744
"alexsmobs:bald_eagle_idle",1743
"alexsmobs:banana_slug_hurt",1843
"alexsmobs:banana_slug_slime_expand",1844
"alexsmobs:bear_dust",1640
"alexsmobs:bison_hurt",1802
"alexsmobs:bison_idle",1801
"alexsmobs:blue_jay_hurt",1846
"alexsmobs:blue_jay_idle",1845
"alexsmobs:blue_jay_song",1847
"alexsmobs:bone_serpent_hurt",1676
"alexsmobs:bone_serpent_idle",1675
"alexsmobs:bunfungus_attack",1799
"alexsmobs:bunfungus_hurt",1798
"alexsmobs:bunfungus_idle",1797
"alexsmobs:bunfungus_jump",1800
"alexsmobs:cachalot_whale_click",1736
"alexsmobs:cachalot_whale_hurt",1735
"alexsmobs:cachalot_whale_idle",1734
"alexsmobs:capuchin_monkey_hurt",1674
"alexsmobs:capuchin_monkey_idle",1673
"alexsmobs:centipede_attack",1679
"alexsmobs:centipede_hurt",1678
"alexsmobs:centipede_walk",1677
"alexsmobs:cockroach_hurt",1693
"alexsmobs:comb_jelly_hurt",1790
"alexsmobs:cosmaw_hurt",1767
"alexsmobs:cosmaw_idle",1766
"alexsmobs:cosmic_cod_hurt",1791
"alexsmobs:crocodile_baby",1648
"alexsmobs:crocodile_bite",1647
"alexsmobs:crocodile_hurt",1646
"alexsmobs:crocodile_idle",1645
"alexsmobs:crow_hurt",1707
"alexsmobs:crow_idle",1706
"alexsmobs:devils_hole_pupfish_hurt",1805
"alexsmobs:dropbear_hurt",1728
"alexsmobs:dropbear_idle",1727
"alexsmobs:elephant_die",1697
"alexsmobs:elephant_hurt",1696
"alexsmobs:elephant_idle",1695
"alexsmobs:elephant_trumpet",1698
"alexsmobs:elephant_walk",1699
"alexsmobs:emu_hurt",1724
"alexsmobs:emu_idle",1723
"alexsmobs:end_pirate_door",1848
"alexsmobs:endergrade_hurt",1666
"alexsmobs:endergrade_idle",1665
"alexsmobs:enderiophage_hurt",1739
"alexsmobs:enderiophage_squish",1740
"alexsmobs:enderiophage_walk",1741
"alexsmobs:farseer_beam",1822
"alexsmobs:farseer_emerge",1821
"alexsmobs:farseer_hurt",1819
"alexsmobs:farseer_idle",1820
"alexsmobs:flutter_flap",1784
"alexsmobs:flutter_hurt",1783
"alexsmobs:flutter_idle",1782
"alexsmobs:flutter_no",1785
"alexsmobs:flutter_yes",1786
"alexsmobs:fly_hurt",1650
"alexsmobs:fly_idle",1649
"alexsmobs:froststalker_hurt",1761
"alexsmobs:froststalker_idle",1760
"alexsmobs:gazelle_hurt",1644
"alexsmobs:gelada_monkey_hurt",1781
"alexsmobs:gelada_monkey_idle",1780
"alexsmobs:giant_squid_games",1793
"alexsmobs:giant_squid_hurt",1803
"alexsmobs:giant_squid_tentacle",1804
"alexsmobs:gorilla_hurt",1658
"alexsmobs:gorilla_idle",1657
"alexsmobs:grizzly_bear_die",1639
"alexsmobs:grizzly_bear_hurt",1638
"alexsmobs:grizzly_bear_idle",1637
"alexsmobs:guster_hurt",1718
"alexsmobs:guster_idle",1717
"alexsmobs:hummingbird_hurt",1652
"alexsmobs:hummingbird_idle",1651
"alexsmobs:hummingbird_loop",1653
"alexsmobs:jerboa_hurt",1788
"alexsmobs:jerboa_idle",1787
"alexsmobs:kangaroo_hurt",1733
"alexsmobs:kangaroo_idle",1732
"alexsmobs:komodo_dragon_hurt",1670
"alexsmobs:komodo_dragon_idle",1669
"alexsmobs:la_cucaracha",1690
"alexsmobs:laviathan_hurt",1765
"alexsmobs:laviathan_idle",1764
"alexsmobs:leafcutter_ant_hurt",1737
"alexsmobs:leafcutter_ant_queen_hurt",1738
"alexsmobs:lobster_attack",1668
"alexsmobs:lobster_hurt",1667
"alexsmobs:maned_wolf_hurt",1771
"alexsmobs:maned_wolf_idle",1770
"alexsmobs:mantis_shrimp_hurt",1716
"alexsmobs:mantis_shrimp_snap",1715
"alexsmobs:maraca",1689
"alexsmobs:mimic_octopus_hurt",1756
"alexsmobs:mimic_octopus_idle",1755
"alexsmobs:mimicube_hurt",1686
"alexsmobs:mimicube_jump",1685
"alexsmobs:moose_hurt",1683
"alexsmobs:moose_idle",1682
"alexsmobs:moose_jostle",1684
"alexsmobs:mosquito_capsid_convert",1792
"alexsmobs:mosquito_die",1661
"alexsmobs:mosquito_hurt",1660
"alexsmobs:mosquito_loop",1659
"alexsmobs:mudskipper_hurt",1812
"alexsmobs:mudskipper_spit",1814
"alexsmobs:mudskipper_walk",1813
"alexsmobs:mungus_hurt",1711
"alexsmobs:mungus_idle",1710
"alexsmobs:mungus_laser_end",1712
"alexsmobs:mungus_laser_grow",1714
"alexsmobs:mungus_laser_loop",1713
"alexsmobs:murmur_anger",1837
"alexsmobs:murmur_attack",1836
"alexsmobs:murmur_hurt",1833
"alexsmobs:murmur_idle",1834
"alexsmobs:murmur_neck",1835
"alexsmobs:music_disc_daze",1757
"alexsmobs:music_disc_thime",1742
"alexsmobs:music_wormboss",1750
"alexsmobs:orca_die",1656
"alexsmobs:orca_hurt",1655
"alexsmobs:orca_idle",1654
"alexsmobs:platypus_hurt",1726
"alexsmobs:platypus_idle",1725
"alexsmobs:potoo_call",1811
"alexsmobs:potoo_hurt",1810
"alexsmobs:raccoon_hurt",1688
"alexsmobs:raccoon_idle",1687
"alexsmobs:rain_frog_hurt",1808
"alexsmobs:rain_frog_idle",1809
"alexsmobs:rattlesnake_attack",1664
"alexsmobs:rattlesnake_hurt",1663
"alexsmobs:rattlesnake_loop",1662
"alexsmobs:rhinoceros_hurt",1816
"alexsmobs:rhinoceros_idle",1815
"alexsmobs:roadrunner_hurt",1642
"alexsmobs:roadrunner_idle",1641
"alexsmobs:roadrunner_meep",1643
"alexsmobs:rocky_roller_earthquake",1779
"alexsmobs:rocky_roller_hurt",1778
"alexsmobs:rocky_roller_idle",1777
"alexsmobs:sculk_boomer",1828
"alexsmobs:sculk_boomer_fart",1829
"alexsmobs:seagull_hurt",1759
"alexsmobs:seagull_idle",1758
"alexsmobs:seal_hurt",1692
"alexsmobs:seal_idle",1691
"alexsmobs:shoebill_hurt",1694
"alexsmobs:skelewag_hurt",1806
"alexsmobs:skelewag_idle",1807
"alexsmobs:skreecher_call",1825
"alexsmobs:skreecher_clap",1827
"alexsmobs:skreecher_detect",1826
"alexsmobs:skreecher_hurt",1824
"alexsmobs:skunk_hurt",1839
"alexsmobs:skunk_idle",1840
"alexsmobs:skunk_spray",1841
"alexsmobs:snow_leopard_hurt",1703
"alexsmobs:snow_leopard_idle",1702
"alexsmobs:soul_vulture_hurt",1701
"alexsmobs:soul_vulture_idle",1700
"alexsmobs:spectre_hurt",1705
"alexsmobs:spectre_idle",1704
"alexsmobs:stink_ray",1842
"alexsmobs:straddler_hurt",1722
"alexsmobs:straddler_idle",1721
"alexsmobs:sugar_glider_hurt",1818
"alexsmobs:sugar_glider_idle",1817
"alexsmobs:sunbird_hurt",1672
"alexsmobs:sunbird_idle",1671
"alexsmobs:tarantula_hawk_hurt",1749
"alexsmobs:tarantula_hawk_wing",1748
"alexsmobs:tasmanian_devil_hurt",1730
"alexsmobs:tasmanian_devil_idle",1729
"alexsmobs:tasmanian_devil_roar",1731
"alexsmobs:tendon_whip",1838
"alexsmobs:terrapin_hurt",1789
"alexsmobs:tiger_angry",1747
"alexsmobs:tiger_hurt",1746
"alexsmobs:tiger_idle",1745
"alexsmobs:toucan_hurt",1769
"alexsmobs:toucan_idle",1768
"alexsmobs:transmute_item",1823
"alexsmobs:tusklin_hurt",1763
"alexsmobs:tusklin_idle",1762
"alexsmobs:underminer_hurt",1831
"alexsmobs:underminer_idle",1830
"alexsmobs:underminer_step",1832
"alexsmobs:vine_lasso",1775
"alexsmobs:void_portal_close",1753
"alexsmobs:void_portal_open",1754
"alexsmobs:void_worm_hurt",1752
"alexsmobs:void_worm_idle",1751
"alexsmobs:warped_mosco_hurt",1720
"alexsmobs:warped_mosco_idle",1719
"alexsmobs:warped_toad_hurt",1681
"alexsmobs:warped_toad_idle",1680
"astikorcarts:entity.cart.attach",1631
"astikorcarts:entity.cart.detach",1632
"astikorcarts:entity.cart.place",1633
"autumnity:block.turkey.cut",2076
"autumnity:entity.snail.death",2069
"autumnity:entity.snail.eat",2067
"autumnity:entity.snail.hurt",2068
"autumnity:entity.snail.step",2070
"autumnity:entity.turkey.aggro",2072
"autumnity:entity.turkey.ambient",2071
"autumnity:entity.turkey.death",2074
"autumnity:entity.turkey.egg",2075
"autumnity:entity.turkey.hurt",2073
"autumnity:item.armor.equip_snail",2077
"bettercombat:anchor_slam",1605
"bettercombat:axe_slash",1606
"bettercombat:claymore_slam",1609
"bettercombat:claymore_stab",1608
"bettercombat:claymore_swing",1607
"bettercombat:dagger_slash",1610
"bettercombat:double_axe_swing",1611
"bettercombat:fist_punch",1612
"bettercombat:glaive_slash_quick",1613
"bettercombat:glaive_slash_slow",1614
"bettercombat:hammer_slam",1615
"bettercombat:katana_slash",1616
"bettercombat:mace_slam",1617
"bettercombat:mace_slash",1618
"bettercombat:pickaxe_swing",1619
"bettercombat:rapier_slash",1620
"bettercombat:rapier_stab",1621
"bettercombat:scythe_slash",1622
"bettercombat:sickle_slash",1628
"bettercombat:spear_stab",1623
"bettercombat:staff_slam",1624
"bettercombat:staff_slash",1625
"bettercombat:staff_spin",1626
"bettercombat:staff_stab",1627
"bettercombat:sword_slash",1629
"bettercombat:wand_swing",1630
"biomesoplenty:music.nether.crystalline_chasm",1600
"biomesoplenty:music.nether.erupting_inferno",1601
"biomesoplenty:music.nether.undergrowth",1602
"biomesoplenty:music.nether.visceral_heap",1603
"biomesoplenty:music.nether.withered_abyss",1604
"biomesoplenty:music.overworld.origin_valley",1599
"biomesoplenty:music_disc.wanderer",1598
"born_in_chaos_v1:brute_zombie_attack",1953
"born_in_chaos_v1:brute_zombie_step",1954
"born_in_chaos_v1:charm_of_endurance_use",1962
"born_in_chaos_v1:charm_of_protection_use",1965
"born_in_chaos_v1:charm_of_rage_use",1964
"born_in_chaos_v1:charm_of_stealth_use",1961
"born_in_chaos_v1:charm_of_strenght_use",1963
"born_in_chaos_v1:clown_death",1929
"born_in_chaos_v1:clown_hurt",1928
"born_in_chaos_v1:clown_step",1927
"born_in_chaos_v1:corpse_fly_ambient",1931
"born_in_chaos_v1:corpse_fly_ambient2",1937
"born_in_chaos_v1:corpse_fly_death",1932
"born_in_chaos_v1:corpse_fly_death2",1939
"born_in_chaos_v1:corpse_fly_hurt",1933
"born_in_chaos_v1:corpse_fly_hurt2",1938
"born_in_chaos_v1:crab_death",1944
"born_in_chaos_v1:crab_hurt",1947
"born_in_chaos_v1:crab_idle",1945
"born_in_chaos_v1:crab_step",1946
"born_in_chaos_v1:dark_warlblade_atak",1925
"born_in_chaos_v1:dfjn",1872
"born_in_chaos_v1:door1",1873
"born_in_chaos_v1:door2",1874
"born_in_chaos_v1:doorblokc",1907
"born_in_chaos_v1:doorblokc2",1908
"born_in_chaos_v1:doorsdisc",1910
"born_in_chaos_v1:fallen_attack",1890
"born_in_chaos_v1:fallen_curse_mark",1891
"born_in_chaos_v1:fallen_death",1892
"born_in_chaos_v1:fallen_hurt",1893
"born_in_chaos_v1:fallen_idle",1894
"born_in_chaos_v1:fallen_step",1895
"born_in_chaos_v1:fish_slap",1940
"born_in_chaos_v1:fly_move",1952
"born_in_chaos_v1:gadfly_death",1936
"born_in_chaos_v1:gadfly_hurt",1935
"born_in_chaos_v1:gadfly_idle",1934
"born_in_chaos_v1:glutton_fish_ambient",1948
"born_in_chaos_v1:glutton_fish_attack",1949
"born_in_chaos_v1:glutton_fish_death",1951
"born_in_chaos_v1:glutton_fish_hurt",1950
"born_in_chaos_v1:hah",1905
"born_in_chaos_v1:haha",1906
"born_in_chaos_v1:halloween",1909
"born_in_chaos_v1:hound_ambient",1921
"born_in_chaos_v1:hound_attack",1922
"born_in_chaos_v1:hound_death",1919
"born_in_chaos_v1:hound_hit",1920
"born_in_chaos_v1:houndtrap",1924
"born_in_chaos_v1:missionary_death",1966
"born_in_chaos_v1:missionary_hurt",1967
"born_in_chaos_v1:missionary_idle",1968
"born_in_chaos_v1:missionary_shoot",1972
"born_in_chaos_v1:missionary_spawn_mobs",1969
"born_in_chaos_v1:missionary_step",1970
"born_in_chaos_v1:missionary_teleport",1971
"born_in_chaos_v1:nightmare_stalker_roar",1884
"born_in_chaos_v1:persecutor_death",1896
"born_in_chaos_v1:persecutor_hurt",1897
"born_in_chaos_v1:persecutor_idle",1898
"born_in_chaos_v1:persecutor_scream",1899
"born_in_chaos_v1:pumpkin_spirit_death",1917
"born_in_chaos_v1:pumpkin_spirit_hurt",1916
"born_in_chaos_v1:pumpkinhead_bomb_curse",1960
"born_in_chaos_v1:pumpkinhead_gun_fire",1959
"born_in_chaos_v1:pumpkinhead_reload",1958
"born_in_chaos_v1:restless_spirit_death",1878
"born_in_chaos_v1:restless_spirit_hurt",1877
"born_in_chaos_v1:restless_spirit_idle",1876
"born_in_chaos_v1:seared_spirit_death",1923
"born_in_chaos_v1:serpumpkinheadm",1875
"born_in_chaos_v1:skeleton_trasher_attack",1880
"born_in_chaos_v1:skeleton_trasher_block1",1881
"born_in_chaos_v1:skeleton_trasher_block2",1882
"born_in_chaos_v1:skeleton_trasher_block3",1883
"born_in_chaos_v1:skeleton_trasher_step",1879
"born_in_chaos_v1:spirit_idle",1885
"born_in_chaos_v1:stalker_dead",1912
"born_in_chaos_v1:stalker_death",1886
"born_in_chaos_v1:stalker_death2",1900
"born_in_chaos_v1:stalker_hit",1914
"born_in_chaos_v1:stalker_hurt",1915
"born_in_chaos_v1:stalker_roar",1911
"born_in_chaos_v1:stalker_roar_distant",1918
"born_in_chaos_v1:stalker_step",1913
"born_in_chaos_v1:stomach_open",1926
"born_in_chaos_v1:swarmer_death",1943
"born_in_chaos_v1:swarmer_hurt",1942
"born_in_chaos_v1:swarmer_idle",1941
"born_in_chaos_v1:vortex_death1",1901
"born_in_chaos_v1:vortex_hurt1",1887
"born_in_chaos_v1:vortex_hurt11",1903
"born_in_chaos_v1:vortex_hurt2",1888
"born_in_chaos_v1:vortex_hurt21",1904
"born_in_chaos_v1:vortex_idle1",1889
"born_in_chaos_v1:vortex_idle2",1902
"born_in_chaos_v1:zombie_brute_death",1955
"born_in_chaos_v1:zombie_brute_hurt",1956
"born_in_chaos_v1:zombie_brute_idle",1957
"born_in_chaos_v1:zombie_clown_attack",1930
"clayworks:block.kiln.smoke",2036
"copperandtuffbackport:block.copper_bulb.break",1388
"copperandtuffbackport:block.copper_bulb.fall",1392
"copperandtuffbackport:block.copper_bulb.hit",1391
"copperandtuffbackport:block.copper_bulb.place",1390
"copperandtuffbackport:block.copper_bulb.step",1389
"copperandtuffbackport:block.copper_bulb.turn_off",1394
"copperandtuffbackport:block.copper_bulb.turn_on",1393
"copperandtuffbackport:block.copper_door.close",1395
"copperandtuffbackport:block.copper_door.open",1396
"copperandtuffbackport:block.copper_grate.break",1397
"copperandtuffbackport:block.copper_grate.fall",1401
"copperandtuffbackport:block.copper_grate.hit",1400
"copperandtuffbackport:block.copper_grate.place",1399
"copperandtuffbackport:block.copper_grate.step",1398
"copperandtuffbackport:block.copper_trapdoor.close",1402
"copperandtuffbackport:block.copper_trapdoor.open",1403
"copperandtuffbackport:block.polished_tuff.break",1383
"copperandtuffbackport:block.polished_tuff.fall",1384
"copperandtuffbackport:block.polished_tuff.hit",1385
"copperandtuffbackport:block.polished_tuff.place",1386
"copperandtuffbackport:block.polished_tuff.step",1387
"copperandtuffbackport:block.tuff_bricks.break",1378
"copperandtuffbackport:block.tuff_bricks.fall",1379
"copperandtuffbackport:block.tuff_bricks.hit",1380
"copperandtuffbackport:block.tuff_bricks.place",1381
"copperandtuffbackport:block.tuff_bricks.step",1382
"creeperoverhaul:entity.ocean.creeper.death",2412
"creeperoverhaul:entity.ocean.creeper.deflate",2416
"creeperoverhaul:entity.ocean.creeper.hurt_deflated",2414
"creeperoverhaul:entity.ocean.creeper.hurt_inflated",2413
"creeperoverhaul:entity.ocean.creeper.inflate",2415
"creeperoverhaul:entity.plant.creeper.death",2394
"creeperoverhaul:entity.plant.creeper.explosion",2395
"creeperoverhaul:entity.plant.creeper.hit",2396
"creeperoverhaul:entity.plant.creeper.hurt",2397
"creeperoverhaul:entity.plant.creeper.prime",2398
"creeperoverhaul:entity.sand.creeper.death",2399
"creeperoverhaul:entity.sand.creeper.explosion",2400
"creeperoverhaul:entity.sand.creeper.hurt",2401
"creeperoverhaul:entity.sand.creeper.prime",2402
"creeperoverhaul:entity.stone.creeper.death",2403
"creeperoverhaul:entity.stone.creeper.explosion",2404
"creeperoverhaul:entity.stone.creeper.hurt",2405
"creeperoverhaul:entity.stone.creeper.prime",2406
"creeperoverhaul:entity.wood.creeper.death",2407
"creeperoverhaul:entity.wood.creeper.explosion",2408
"creeperoverhaul:entity.wood.creeper.hit",2409
"creeperoverhaul:entity.wood.creeper.hurt",2410
"creeperoverhaul:entity.wood.creeper.prime",2411
"desolation:ashes_music",2011
"domesticationinnovation:blazing_protection",1858
"domesticationinnovation:chain_lightning",1851
"domesticationinnovation:collar_tag",1849
"domesticationinnovation:drum",1855
"domesticationinnovation:giant_bubble_inflate",1852
"domesticationinnovation:giant_bubble_pop",1853
"domesticationinnovation:magnet_loop",1850
"domesticationinnovation:pet_bed_use",1854
"domesticationinnovation:psychic_wall",1856
"domesticationinnovation:psychic_wall_deflect",1857
"elevatorid:camouflage",1974
"elevatorid:teleport",1973
"endlessbiomes:altarbasicitem",2383
"endlessbiomes:altarrewarditem",2384
"endlessbiomes:altarsacrifice",2382
"endlessbiomes:anklorambient",2358
"endlessbiomes:anklordies",2369
"endlessbiomes:anklorhurt",2368
"endlessbiomes:anklorresistsdamage",2359
"endlessbiomes:arkanbroken",2385
"endlessbiomes:arkanhit",2387
"endlessbiomes:arkanplaced",2388
"endlessbiomes:arkanstep",2386
"endlessbiomes:battlefrisbeethrown",2360
"endlessbiomes:changedimension",2391
"endlessbiomes:coreactivated",2371
"endlessbiomes:endaltarcharge",2390
"endlessbiomes:enderfernslurps",2392
"endlessbiomes:enderrootsgrow",2393
"endlessbiomes:noxiousstalkerambient",2372
"endlessbiomes:noxiousstalkerdeath",2351
"endlessbiomes:noxiousstalkerhurt",2356
"endlessbiomes:penumbraldiskthrown",2361
"endlessbiomes:penumbralpadextends",2362
"endlessbiomes:penumbralpadretracts",2376
"endlessbiomes:riftiteteleport",2374
"endlessbiomes:ruiniousaltarbroken",2378
"endlessbiomes:ruiniousaltarhit",2380
"endlessbiomes:ruiniousaltarplaced",2379
"endlessbiomes:sentineldies",2366
"endlessbiomes:sentinelhurt",2367
"endlessbiomes:sentinelstep",2370
"endlessbiomes:sharedpainactivate",2381
"endlessbiomes:shiftlingambient",2352
"endlessbiomes:shiftlingdeath",2373
"endlessbiomes:shiftlinghurt",2357
"endlessbiomes:shmoopaambient",2355
"endlessbiomes:shmoopadeath",2354
"endlessbiomes:shmoopahurt",2353
"endlessbiomes:slipstonebroken",2389
"endlessbiomes:slipstonehit",2364
"endlessbiomes:slipstoneplaced",2363
"endlessbiomes:slipstonestep",2365
"endlessbiomes:twistedblockdeath",2375
"endlessbiomes:voidtouchedbladesswing",2377
"enhancedcelestials:blood_moon",2417
"enhancedcelestials:blue_moon",2418
"enhancedcelestials:harvest_moon",2419
"farmersdelight:block.cabinet.close",1864
"farmersdelight:block.cabinet.open",1863
"farmersdelight:block.cooking_pot.boil",1860
"farmersdelight:block.cooking_pot.boil_soup",1861
"farmersdelight:block.cutting_board.knife",1862
"farmersdelight:block.skillet.add_food",1866
"farmersdelight:block.skillet.sizzle",1865
"farmersdelight:block.stove.crackle",1859
"farmersdelight:block.tomato_bush.pick_tomatoes",1869
"farmersdelight:entity.rotten_tomato.hit",1871
"farmersdelight:entity.rotten_tomato.throw",1870
"farmersdelight:item.skillet.attack.strong",1867
"farmersdelight:item.skillet.attack.weak",1868
"gothic:bloodfly_ambient",2009
"gothic:bloodfly_awake",2005
"gothic:bloodfly_death",1996
"gothic:bloodfly_hurt",1995
"gothic:book_use",1994
"gothic:gothic_wolf_ambient",1986
"gothic:gothic_wolf_death",1988
"gothic:gothic_wolf_hurt",1987
"gothic:lurker_ambient",1983
"gothic:lurker_death",1985
"gothic:lurker_hurt",1984
"gothic:meatbug_ambient",1980
"gothic:meatbug_death",1981
"gothic:meatbug_hurt",1982
"gothic:molerat_ambient",1978
"gothic:molerat_death",1992
"gothic:molerat_hurt",1979
"gothic:old_mineshaft_pickaxe",1997
"gothic:razor_ambient",2004
"gothic:razor_death",2003
"gothic:razor_hurt",2002
"gothic:scavenger_ambient",1975
"gothic:scavenger_death",1976
"gothic:scavenger_hurt",1977
"gothic:shadowbeast_ambient",1989
"gothic:shadowbeast_awake",1998
"gothic:shadowbeast_death",1991
"gothic:shadowbeast_hurt",1990
"gothic:snapper_ambient",1999
"gothic:snapper_death",2000
"gothic:snapper_hurt",2001
"gothic:stone_golem_ambient",2006
"gothic:stone_golem_death",2008
"gothic:stone_golem_hurt",2010
"gothic:stone_golem_step",2007
"gothic:waterpipe",1993
"heartstone:item.heartstone",2420
"infernalexp:ambient.glowstone_canyon.additions",1366
"infernalexp:ambient.glowstone_canyon.loop",1364
"infernalexp:ambient.glowstone_canyon.mood",1365
"infernalexp:block.dullstone.break",1371
"infernalexp:block.dullstone.fall",1375
"infernalexp:block.dullstone.hit",1374
"infernalexp:block.dullstone.place",1373
"infernalexp:block.dullstone.step",1372
"infernalexp:block.glowstone.recharge",1370
"infernalexp:block.quartz_glass.hit",1377
"infernalexp:block.soul_stone.break",1376
"infernalexp:entity.basalt_giant.ambient",1336
"infernalexp:entity.basalt_giant.death",1338
"infernalexp:entity.basalt_giant.hurt",1337
"infernalexp:entity.blindsight.ambient",1345
"infernalexp:entity.blindsight.death",1347
"infernalexp:entity.blindsight.hurt",1346
"infernalexp:entity.blindsight.leap",1348
"infernalexp:entity.cerobeetle.ambient",1329
"infernalexp:entity.cerobeetle.death",1331
"infernalexp:entity.cerobeetle.hurt",1330
"infernalexp:entity.cerobeetle.roar",1332
"infernalexp:entity.dwarf.ambient",1349
"infernalexp:entity.dwarf.death",1351
"infernalexp:entity.dwarf.hurt",1350
"infernalexp:entity.embody.ambient",1333
"infernalexp:entity.embody.death",1335
"infernalexp:entity.embody.hurt",1334
"infernalexp:entity.glaw.ambient",1355
"infernalexp:entity.glaw.death",1357
"infernalexp:entity.glaw.hurt",1356
"infernalexp:entity.glowsilk_moth.ambient",1352
"infernalexp:entity.glowsilk_moth.death",1354
"infernalexp:entity.glowsilk_moth.hurt",1353
"infernalexp:entity.glowsquito.death",1344
"infernalexp:entity.glowsquito.hurt",1343
"infernalexp:entity.glowsquito.loop",1342
"infernalexp:entity.pyrno.ambient",1361
"infernalexp:entity.pyrno.death",1363
"infernalexp:entity.pyrno.hurt",1362
"infernalexp:entity.shroomloin.ambient",1323
"infernalexp:entity.shroomloin.death",1325
"infernalexp:entity.shroomloin.hurt",1324
"infernalexp:entity.skeletal_piglin.ambient",1339
"infernalexp:entity.skeletal_piglin.death",1341
"infernalexp:entity.skeletal_piglin.hurt",1340
"infernalexp:entity.smolt.ambient",1358
"infernalexp:entity.smolt.death",1360
"infernalexp:entity.smolt.hurt",1359
"infernalexp:entity.voline.ambient",1321
"infernalexp:entity.voline.hurt",1322
"infernalexp:entity.warpbeetle.ambient",1326
"infernalexp:entity.warpbeetle.death",1328
"infernalexp:entity.warpbeetle.hurt",1327
"infernalexp:music.nether.glowstone_canyon",1367
"infernalexp:record.flush",1369
"infernalexp:record.soul_spunk",1368
"luggage:entity.luggage.luggage.eat_food",1566
"luggage:entity.luggage.luggage.eat_item",1567
"luggage:entity.luggage.luggage.killed",1565
"luggage:entity.luggage.luggage.step",1568
"luggage:entity.luggage.player.whistle_call",1569
"luggage:entity.luggage.player.whistle_wait",1570
"mace_port:block.heavy_core.break",1413
"mace_port:block.heavy_core.fall",1416
"mace_port:block.heavy_core.hit",1415
"mace_port:block.heavy_core.place",1414
"mace_port:block.heavy_core.step",1417
"mace_port:entity.wind_charge.throw",1411
"mace_port:entity.wind_charge.wind_burst",1412
"mace_port:item.mace.smash_air",1410
"mace_port:item.mace.smash_ground",1408
"mace_port:item.mace.smash_ground_heavy",1409
"minecraft:ambient.basalt_deltas.additions",8
"minecraft:ambient.basalt_deltas.loop",9
"minecraft:ambient.basalt_deltas.mood",10
"minecraft:ambient.cave",7
"minecraft:ambient.crimson_forest.additions",11
"minecraft:ambient.crimson_forest.loop",12
"minecraft:ambient.crimson_forest.mood",13
"minecraft:ambient.nether_wastes.additions",14
"minecraft:ambient.nether_wastes.loop",15
"minecraft:ambient.nether_wastes.mood",16
"minecraft:ambient.soul_sand_valley.additions",17
"minecraft:ambient.soul_sand_valley.loop",18
"minecraft:ambient.soul_sand_valley.mood",19
"minecraft:ambient.underwater.enter",23
"minecraft:ambient.underwater.exit",24
"minecraft:ambient.underwater.loop",25
"minecraft:ambient.underwater.loop.additions",26
"minecraft:ambient.underwater.loop.additions.rare",27
"minecraft:ambient.underwater.loop.additions.ultra_rare",28
"minecraft:ambient.warped_forest.additions",20
"minecraft:ambient.warped_forest.loop",21
"minecraft:ambient.warped_forest.mood",22
"minecraft:block.amethyst_block.break",29
"minecraft:block.amethyst_block.chime",30
"minecraft:block.amethyst_block.fall",31
"minecraft:block.amethyst_block.hit",32
"minecraft:block.amethyst_block.place",33
"minecraft:block.amethyst_block.step",34
"minecraft:block.amethyst_cluster.break",35
"minecraft:block.amethyst_cluster.fall",36
"minecraft:block.amethyst_cluster.hit",37
"minecraft:block.amethyst_cluster.place",38
"minecraft:block.amethyst_cluster.step",39
"minecraft:block.ancient_debris.break",40
"minecraft:block.ancient_debris.fall",44
"minecraft:block.ancient_debris.hit",43
"minecraft:block.ancient_debris.place",42
"minecraft:block.ancient_debris.step",41
"minecraft:block.anvil.break",45
"minecraft:block.anvil.destroy",46
"minecraft:block.anvil.fall",47
"minecraft:block.anvil.hit",48
"minecraft:block.anvil.land",49
"minecraft:block.anvil.place",50
"minecraft:block.anvil.step",51
"minecraft:block.anvil.use",52
"minecraft:block.azalea.break",79
"minecraft:block.azalea.fall",80
"minecraft:block.azalea.hit",81
"minecraft:block.azalea.place",82
"minecraft:block.azalea.step",83
"minecraft:block.azalea_leaves.break",84
"minecraft:block.azalea_leaves.fall",85
"minecraft:block.azalea_leaves.hit",86
"minecraft:block.azalea_leaves.place",87
"minecraft:block.azalea_leaves.step",88
"minecraft:block.bamboo.break",89
"minecraft:block.bamboo.fall",90
"minecraft:block.bamboo.hit",91
"minecraft:block.bamboo.place",92
"minecraft:block.bamboo.step",93
"minecraft:block.bamboo_sapling.break",94
"minecraft:block.bamboo_sapling.hit",95
"minecraft:block.bamboo_sapling.place",96
"minecraft:block.barrel.close",97
"minecraft:block.barrel.open",98
"minecraft:block.basalt.break",99
"minecraft:block.basalt.fall",103
"minecraft:block.basalt.hit",102
"minecraft:block.basalt.place",101
"minecraft:block.basalt.step",100
"minecraft:block.beacon.activate",109
"minecraft:block.beacon.ambient",110
"minecraft:block.beacon.deactivate",111
"minecraft:block.beacon.power_select",112
"minecraft:block.beehive.drip",119
"minecraft:block.beehive.enter",120
"minecraft:block.beehive.exit",121
"minecraft:block.beehive.shear",122
"minecraft:block.beehive.work",123
"minecraft:block.bell.resonate",125
"minecraft:block.bell.use",124
"minecraft:block.big_dripleaf.break",126
"minecraft:block.big_dripleaf.fall",127
"minecraft:block.big_dripleaf.hit",128
"minecraft:block.big_dripleaf.place",129
"minecraft:block.big_dripleaf.step",130
"minecraft:block.big_dripleaf.tilt_down",307
"minecraft:block.big_dripleaf.tilt_up",308
"minecraft:block.blastfurnace.fire_crackle",146
"minecraft:block.bone_block.break",138
"minecraft:block.bone_block.fall",139
"minecraft:block.bone_block.hit",140
"minecraft:block.bone_block.place",141
"minecraft:block.bone_block.step",142
"minecraft:block.brewing_stand.brew",150
"minecraft:block.bubble_column.bubble_pop",151
"minecraft:block.bubble_column.upwards_ambient",152
"minecraft:block.bubble_column.upwards_inside",153
"minecraft:block.bubble_column.whirlpool_ambient",154
"minecraft:block.bubble_column.whirlpool_inside",155
"minecraft:block.cake.add_candle",171
"minecraft:block.calcite.break",172
"minecraft:block.calcite.fall",176
"minecraft:block.calcite.hit",175
"minecraft:block.calcite.place",174
"minecraft:block.calcite.step",173
"minecraft:block.campfire.crackle",177
"minecraft:block.candle.ambient",178
"minecraft:block.candle.break",179
"minecraft:block.candle.extinguish",180
"minecraft:block.candle.fall",181
"minecraft:block.candle.hit",182
"minecraft:block.candle.place",183
"minecraft:block.candle.step",184
"minecraft:block.cave_vines.break",194
"minecraft:block.cave_vines.fall",195
"minecraft:block.cave_vines.hit",196
"minecraft:block.cave_vines.pick_berries",199
"minecraft:block.cave_vines.place",197
"minecraft:block.cave_vines.step",198
"minecraft:block.chain.break",200
"minecraft:block.chain.fall",201
"minecraft:block.chain.hit",202
"minecraft:block.chain.place",203
"minecraft:block.chain.step",204
"minecraft:block.chest.close",205
"minecraft:block.chest.locked",206
"minecraft:block.chest.open",207
"minecraft:block.chorus_flower.death",213
"minecraft:block.chorus_flower.grow",214
"minecraft:block.comparator.click",220
"minecraft:block.composter.empty",221
"minecraft:block.composter.fill",222
"minecraft:block.composter.fill_success",223
"minecraft:block.composter.ready",224
"minecraft:block.conduit.activate",225
"minecraft:block.conduit.ambient",226
"minecraft:block.conduit.ambient.short",227
"minecraft:block.conduit.attack.target",228
"minecraft:block.conduit.deactivate",229
"minecraft:block.copper.break",230
"minecraft:block.copper.fall",234
"minecraft:block.copper.hit",233
"minecraft:block.copper.place",232
"minecraft:block.copper.step",231
"minecraft:block.coral_block.break",235
"minecraft:block.coral_block.fall",236
"minecraft:block.coral_block.hit",237
"minecraft:block.coral_block.place",238
"minecraft:block.coral_block.step",239
"minecraft:block.crop.break",248
"minecraft:block.deepslate.break",263
"minecraft:block.deepslate.fall",264
"minecraft:block.deepslate.hit",265
"minecraft:block.deepslate.place",266
"minecraft:block.deepslate.step",267
"minecraft:block.deepslate_bricks.break",258
"minecraft:block.deepslate_bricks.fall",259
"minecraft:block.deepslate_bricks.hit",260
"minecraft:block.deepslate_bricks.place",261
"minecraft:block.deepslate_bricks.step",262
"minecraft:block.deepslate_tiles.break",268
"minecraft:block.deepslate_tiles.fall",269
"minecraft:block.deepslate_tiles.hit",270
"minecraft:block.deepslate_tiles.place",271
"minecraft:block.deepslate_tiles.step",272
"minecraft:block.dispenser.dispense",273
"minecraft:block.dispenser.fail",274
"minecraft:block.dispenser.launch",275
"minecraft:block.dripstone_block.break",292
"minecraft:block.dripstone_block.fall",296
"minecraft:block.dripstone_block.hit",295
"minecraft:block.dripstone_block.place",294
"minecraft:block.dripstone_block.step",293
"minecraft:block.enchantment_table.use",329
"minecraft:block.end_gateway.spawn",352
"minecraft:block.end_portal.spawn",354
"minecraft:block.end_portal_frame.fill",353
"minecraft:block.ender_chest.close",330
"minecraft:block.ender_chest.open",331
"minecraft:block.fence_gate.close",366
"minecraft:block.fence_gate.open",367
"minecraft:block.fire.ambient",377
"minecraft:block.fire.extinguish",378
"minecraft:block.flowering_azalea.break",384
"minecraft:block.flowering_azalea.fall",385
"minecraft:block.flowering_azalea.hit",386
"minecraft:block.flowering_azalea.place",387
"minecraft:block.flowering_azalea.step",388
"minecraft:block.froglight.break",400
"minecraft:block.froglight.fall",401
"minecraft:block.froglight.hit",402
"minecraft:block.froglight.place",403
"minecraft:block.froglight.step",404
"minecraft:block.frogspawn.break",406
"minecraft:block.frogspawn.fall",407
"minecraft:block.frogspawn.hatch",408
"minecraft:block.frogspawn.hit",409
"minecraft:block.frogspawn.place",410
"minecraft:block.frogspawn.step",405
"minecraft:block.fungus.break",743
"minecraft:block.fungus.fall",747
"minecraft:block.fungus.hit",746
"minecraft:block.fungus.place",745
"minecraft:block.fungus.step",744
"minecraft:block.furnace.fire_crackle",424
"minecraft:block.gilded_blackstone.break",442
"minecraft:block.gilded_blackstone.fall",443
"minecraft:block.gilded_blackstone.hit",444
"minecraft:block.gilded_blackstone.place",445
"minecraft:block.gilded_blackstone.step",446
"minecraft:block.glass.break",447
"minecraft:block.glass.fall",448
"minecraft:block.glass.hit",449
"minecraft:block.glass.place",450
"minecraft:block.glass.step",451
"minecraft:block.grass.break",482
"minecraft:block.grass.fall",483
"minecraft:block.grass.hit",484
"minecraft:block.grass.place",485
"minecraft:block.grass.step",486
"minecraft:block.gravel.break",487
"minecraft:block.gravel.fall",488
"minecraft:block.gravel.hit",489
"minecraft:block.gravel.place",490
"minecraft:block.gravel.step",491
"minecraft:block.grindstone.use",492
"minecraft:block.growing_plant.crop",493
"minecraft:block.hanging_roots.break",502
"minecraft:block.hanging_roots.fall",503
"minecraft:block.hanging_roots.hit",504
"minecraft:block.hanging_roots.place",505
"minecraft:block.hanging_roots.step",506
"minecraft:block.honey_block.break",516
"minecraft:block.honey_block.fall",517
"minecraft:block.honey_block.hit",518
"minecraft:block.honey_block.place",519
"minecraft:block.honey_block.slide",520
"minecraft:block.honey_block.step",521
"minecraft:block.iron_door.close",564
"minecraft:block.iron_door.open",565
"minecraft:block.iron_trapdoor.close",572
"minecraft:block.iron_trapdoor.open",573
"minecraft:block.ladder.break",581
"minecraft:block.ladder.fall",582
"minecraft:block.ladder.hit",583
"minecraft:block.ladder.place",584
"minecraft:block.ladder.step",585
"minecraft:block.lantern.break",586
"minecraft:block.lantern.fall",587
"minecraft:block.lantern.hit",588
"minecraft:block.lantern.place",589
"minecraft:block.lantern.step",590
"minecraft:block.large_amethyst_bud.break",591
"minecraft:block.large_amethyst_bud.place",592
"minecraft:block.lava.ambient",593
"minecraft:block.lava.extinguish",594
"minecraft:block.lava.pop",595
"minecraft:block.lever.click",598
"minecraft:block.lily_pad.place",1210
"minecraft:block.lodestone.break",612
"minecraft:block.lodestone.fall",616
"minecraft:block.lodestone.hit",615
"minecraft:block.lodestone.place",614
"minecraft:block.lodestone.step",613
"minecraft:block.mangrove_roots.break",624
"minecraft:block.mangrove_roots.fall",625
"minecraft:block.mangrove_roots.hit",626
"minecraft:block.mangrove_roots.place",627
"minecraft:block.mangrove_roots.step",628
"minecraft:block.medium_amethyst_bud.break",629
"minecraft:block.medium_amethyst_bud.place",630
"minecraft:block.metal.break",631
"minecraft:block.metal.fall",632
"minecraft:block.metal.hit",633
"minecraft:block.metal.place",634
"minecraft:block.metal.step",637
"minecraft:block.metal_pressure_plate.click_off",635
"minecraft:block.metal_pressure_plate.click_on",636
"minecraft:block.moss.break",651
"minecraft:block.moss.fall",652
"minecraft:block.moss.hit",653
"minecraft:block.moss.place",654
"minecraft:block.moss.step",655
"minecraft:block.moss_carpet.break",646
"minecraft:block.moss_carpet.fall",647
"minecraft:block.moss_carpet.hit",648
"minecraft:block.moss_carpet.place",649
"minecraft:block.moss_carpet.step",650
"minecraft:block.mud.break",656
"minecraft:block.mud.fall",657
"minecraft:block.mud.hit",658
"minecraft:block.mud.place",659
"minecraft:block.mud.step",660
"minecraft:block.mud_bricks.break",661
"minecraft:block.mud_bricks.fall",662
"minecraft:block.mud_bricks.hit",663
"minecraft:block.mud_bricks.place",664
"minecraft:block.mud_bricks.step",665
"minecraft:block.muddy_mangrove_roots.break",666
"minecraft:block.muddy_mangrove_roots.fall",667
"minecraft:block.muddy_mangrove_roots.hit",668
"minecraft:block.muddy_mangrove_roots.place",669
"minecraft:block.muddy_mangrove_roots.step",670
"minecraft:block.nether_bricks.break",716
"minecraft:block.nether_bricks.fall",720
"minecraft:block.nether_bricks.hit",719
"minecraft:block.nether_bricks.place",718
"minecraft:block.nether_bricks.step",717
"minecraft:block.nether_gold_ore.break",933
"minecraft:block.nether_gold_ore.fall",934
"minecraft:block.nether_gold_ore.hit",935
"minecraft:block.nether_gold_ore.place",936
"minecraft:block.nether_gold_ore.step",937
"minecraft:block.nether_ore.break",938
"minecraft:block.nether_ore.fall",939
"minecraft:block.nether_ore.hit",940
"minecraft:block.nether_ore.place",941
"minecraft:block.nether_ore.step",942
"minecraft:block.nether_sprouts.break",738
"minecraft:block.nether_sprouts.fall",742
"minecraft:block.nether_sprouts.hit",741
"minecraft:block.nether_sprouts.place",740
"minecraft:block.nether_sprouts.step",739
"minecraft:block.nether_wart.break",721
"minecraft:block.netherite_block.break",758
"minecraft:block.netherite_block.fall",762
"minecraft:block.netherite_block.hit",761
"minecraft:block.netherite_block.place",760
"minecraft:block.netherite_block.step",759
"minecraft:block.netherrack.break",763
"minecraft:block.netherrack.fall",767
"minecraft:block.netherrack.hit",766
"minecraft:block.netherrack.place",765
"minecraft:block.netherrack.step",764
"minecraft:block.note_block.banjo",783
"minecraft:block.note_block.basedrum",768
"minecraft:block.note_block.bass",769
"minecraft:block.note_block.bell",770
"minecraft:block.note_block.bit",782
"minecraft:block.note_block.chime",771
"minecraft:block.note_block.cow_bell",780
"minecraft:block.note_block.didgeridoo",781
"minecraft:block.note_block.flute",772
"minecraft:block.note_block.guitar",773
"minecraft:block.note_block.harp",774
"minecraft:block.note_block.hat",775
"minecraft:block.note_block.iron_xylophone",779
"minecraft:block.note_block.pling",776
"minecraft:block.note_block.snare",777
"minecraft:block.note_block.xylophone",778
"minecraft:block.nylium.break",733
"minecraft:block.nylium.fall",737
"minecraft:block.nylium.hit",736
"minecraft:block.nylium.place",735
"minecraft:block.nylium.step",734
"minecraft:block.packed_mud.break",723
"minecraft:block.packed_mud.fall",724
"minecraft:block.packed_mud.hit",725
"minecraft:block.packed_mud.place",726
"minecraft:block.packed_mud.step",727
"minecraft:block.piston.contract",870
"minecraft:block.piston.extend",871
"minecraft:block.pointed_dripstone.break",297
"minecraft:block.pointed_dripstone.drip_lava",303
"minecraft:block.pointed_dripstone.drip_lava_into_cauldron",305
"minecraft:block.pointed_dripstone.drip_water",304
"minecraft:block.pointed_dripstone.drip_water_into_cauldron",306
"minecraft:block.pointed_dripstone.fall",301
"minecraft:block.pointed_dripstone.hit",300
"minecraft:block.pointed_dripstone.land",302
"minecraft:block.pointed_dripstone.place",299
"minecraft:block.pointed_dripstone.step",298
"minecraft:block.polished_deepslate.break",898
"minecraft:block.polished_deepslate.fall",899
"minecraft:block.polished_deepslate.hit",900
"minecraft:block.polished_deepslate.place",901
"minecraft:block.polished_deepslate.step",902
"minecraft:block.portal.ambient",903
"minecraft:block.portal.travel",904
"minecraft:block.portal.trigger",905
"minecraft:block.powder_snow.break",906
"minecraft:block.powder_snow.fall",907
"minecraft:block.powder_snow.hit",908
"minecraft:block.powder_snow.place",909
"minecraft:block.powder_snow.step",910
"minecraft:block.pumpkin.carve",918
"minecraft:block.redstone_torch.burnout",943
"minecraft:block.respawn_anchor.ambient",944
"minecraft:block.respawn_anchor.charge",945
"minecraft:block.respawn_anchor.deplete",946
"minecraft:block.respawn_anchor.set_spawn",947
"minecraft:block.rooted_dirt.break",948
"minecraft:block.rooted_dirt.fall",949
"minecraft:block.rooted_dirt.hit",950
"minecraft:block.rooted_dirt.place",951
"minecraft:block.rooted_dirt.step",952
"minecraft:block.roots.break",419
"minecraft:block.roots.fall",423
"minecraft:block.roots.hit",422
"minecraft:block.roots.place",421
"minecraft:block.roots.step",420
"minecraft:block.sand.break",957
"minecraft:block.sand.fall",958
"minecraft:block.sand.hit",959
"minecraft:block.sand.place",960
"minecraft:block.sand.step",961
"minecraft:block.scaffolding.break",962
"minecraft:block.scaffolding.fall",963
"minecraft:block.scaffolding.hit",964
"minecraft:block.scaffolding.place",965
"minecraft:block.scaffolding.step",966
"minecraft:block.sculk.break",969
"minecraft:block.sculk.charge",968
"minecraft:block.sculk.fall",970
"minecraft:block.sculk.hit",971
"minecraft:block.sculk.place",972
"minecraft:block.sculk.spread",967
"minecraft:block.sculk.step",973
"minecraft:block.sculk_catalyst.bloom",974
"minecraft:block.sculk_catalyst.break",975
"minecraft:block.sculk_catalyst.fall",976
"minecraft:block.sculk_catalyst.hit",977
"minecraft:block.sculk_catalyst.place",978
"minecraft:block.sculk_catalyst.step",979
"minecraft:block.sculk_sensor.break",982
"minecraft:block.sculk_sensor.clicking",980
"minecraft:block.sculk_sensor.clicking_stop",981
"minecraft:block.sculk_sensor.fall",983
"minecraft:block.sculk_sensor.hit",984
"minecraft:block.sculk_sensor.place",985
"minecraft:block.sculk_sensor.step",986
"minecraft:block.sculk_shrieker.break",987
"minecraft:block.sculk_shrieker.fall",988
"minecraft:block.sculk_shrieker.hit",989
"minecraft:block.sculk_shrieker.place",990
"minecraft:block.sculk_shrieker.shriek",991
"minecraft:block.sculk_shrieker.step",992
"minecraft:block.sculk_vein.break",993
"minecraft:block.sculk_vein.fall",994
"minecraft:block.sculk_vein.hit",995
"minecraft:block.sculk_vein.place",996
"minecraft:block.sculk_vein.step",997
"minecraft:block.shroomlight.break",1005
"minecraft:block.shroomlight.fall",1009
"minecraft:block.shroomlight.hit",1008
"minecraft:block.shroomlight.place",1007
"minecraft:block.shroomlight.step",1006
"minecraft:block.shulker_box.close",1012
"minecraft:block.shulker_box.open",1013
"minecraft:block.slime_block.break",1046
"minecraft:block.slime_block.fall",1047
"minecraft:block.slime_block.hit",1048
"minecraft:block.slime_block.place",1049
"minecraft:block.slime_block.step",1050
"minecraft:block.small_amethyst_bud.break",1051
"minecraft:block.small_amethyst_bud.place",1052
"minecraft:block.small_dripleaf.break",1053
"minecraft:block.small_dripleaf.fall",1054
"minecraft:block.small_dripleaf.hit",1055
"minecraft:block.small_dripleaf.place",1056
"minecraft:block.small_dripleaf.step",1057
"minecraft:block.smithing_table.use",1087
"minecraft:block.smoker.smoke",1088
"minecraft:block.snow.break",1090
"minecraft:block.snow.fall",1091
"minecraft:block.snow.hit",1097
"minecraft:block.snow.place",1098
"minecraft:block.snow.step",1099
"minecraft:block.soul_sand.break",1058
"minecraft:block.soul_sand.fall",1062
"minecraft:block.soul_sand.hit",1061
"minecraft:block.soul_sand.place",1060
"minecraft:block.soul_sand.step",1059
"minecraft:block.soul_soil.break",1063
"minecraft:block.soul_soil.fall",1067
"minecraft:block.soul_soil.hit",1066
"minecraft:block.soul_soil.place",1065
"minecraft:block.soul_soil.step",1064
"minecraft:block.spore_blossom.break",1069
"minecraft:block.spore_blossom.fall",1070
"minecraft:block.spore_blossom.hit",1071
"minecraft:block.spore_blossom.place",1072
"minecraft:block.spore_blossom.step",1073
"minecraft:block.stem.break",728
"minecraft:block.stem.fall",732
"minecraft:block.stem.hit",731
"minecraft:block.stem.place",730
"minecraft:block.stem.step",729
"minecraft:block.stone.break",1112
"minecraft:block.stone.fall",1115
"minecraft:block.stone.hit",1116
"minecraft:block.stone.place",1117
"minecraft:block.stone.step",1120
"minecraft:block.stone_button.click_off",1113
"minecraft:block.stone_button.click_on",1114
"minecraft:block.stone_pressure_plate.click_off",1118
"minecraft:block.stone_pressure_plate.click_on",1119
"minecraft:block.sweet_berry_bush.break",1125
"minecraft:block.sweet_berry_bush.pick_berries",1127
"minecraft:block.sweet_berry_bush.place",1126
"minecraft:block.tripwire.attach",1143
"minecraft:block.tripwire.click_off",1144
"minecraft:block.tripwire.click_on",1145
"minecraft:block.tripwire.detach",1146
"minecraft:block.tuff.break",1151
"minecraft:block.tuff.fall",1155
"minecraft:block.tuff.hit",1154
"minecraft:block.tuff.place",1153
"minecraft:block.tuff.step",1152
"minecraft:block.vine.break",1205
"minecraft:block.vine.fall",1206
"minecraft:block.vine.hit",1207
"minecraft:block.vine.place",1208
"minecraft:block.vine.step",1209
"minecraft:block.wart_block.break",753
"minecraft:block.wart_block.fall",757
"minecraft:block.wart_block.hit",756
"minecraft:block.wart_block.place",755
"minecraft:block.wart_block.step",754
"minecraft:block.water.ambient",1241
"minecraft:block.weeping_vines.break",748
"minecraft:block.weeping_vines.fall",752
"minecraft:block.weeping_vines.hit",751
"minecraft:block.weeping_vines.place",750
"minecraft:block.weeping_vines.step",749
"minecraft:block.wet_grass.break",1244
"minecraft:block.wet_grass.fall",1245
"minecraft:block.wet_grass.hit",1246
"minecraft:block.wet_grass.place",1247
"minecraft:block.wet_grass.step",1248
"minecraft:block.wood.break",1278
"minecraft:block.wood.fall",1281
"minecraft:block.wood.hit",1282
"minecraft:block.wood.place",1283
"minecraft:block.wood.step",1286
"minecraft:block.wooden_button.click_off",1279
"minecraft:block.wooden_button.click_on",1280
"minecraft:block.wooden_door.close",1274
"minecraft:block.wooden_door.open",1275
"minecraft:block.wooden_pressure_plate.click_off",1284
"minecraft:block.wooden_pressure_plate.click_on",1285
"minecraft:block.wooden_trapdoor.close",1276
"minecraft:block.wooden_trapdoor.open",1277
"minecraft:block.wool.break",1287
"minecraft:block.wool.fall",1288
"minecraft:block.wool.hit",1289
"minecraft:block.wool.place",1290
"minecraft:block.wool.step",1291
"minecraft:enchant.thorns.hit",1132
"minecraft:entity.allay.ambient_with_item",0
"minecraft:entity.allay.ambient_without_item",1
"minecraft:entity.allay.death",2
"minecraft:entity.allay.hurt",3
"minecraft:entity.allay.item_given",4
"minecraft:entity.allay.item_taken",5
"minecraft:entity.allay.item_thrown",6
"minecraft:entity.armor_stand.break",62
"minecraft:entity.armor_stand.fall",63
"minecraft:entity.armor_stand.hit",64
"minecraft:entity.armor_stand.place",65
"minecraft:entity.arrow.hit",66
"minecraft:entity.arrow.hit_player",67
"minecraft:entity.arrow.shoot",68
"minecraft:entity.axolotl.attack",72
"minecraft:entity.axolotl.death",73
"minecraft:entity.axolotl.hurt",74
"minecraft:entity.axolotl.idle_air",75
"minecraft:entity.axolotl.idle_water",76
"minecraft:entity.axolotl.splash",77
"minecraft:entity.axolotl.swim",78
"minecraft:entity.bat.ambient",104
"minecraft:entity.bat.death",105
"minecraft:entity.bat.hurt",106
"minecraft:entity.bat.loop",107
"minecraft:entity.bat.takeoff",108
"minecraft:entity.bee.death",113
"minecraft:entity.bee.hurt",114
"minecraft:entity.bee.loop",116
"minecraft:entity.bee.loop_aggressive",115
"minecraft:entity.bee.pollinate",118
"minecraft:entity.bee.sting",117
"minecraft:entity.blaze.ambient",131
"minecraft:entity.blaze.burn",132
"minecraft:entity.blaze.death",133
"minecraft:entity.blaze.hurt",134
"minecraft:entity.blaze.shoot",135
"minecraft:entity.boat.paddle_land",136
"minecraft:entity.boat.paddle_water",137
"minecraft:entity.cat.ambient",185
"minecraft:entity.cat.beg_for_food",190
"minecraft:entity.cat.death",187
"minecraft:entity.cat.eat",188
"minecraft:entity.cat.hiss",189
"minecraft:entity.cat.hurt",191
"minecraft:entity.cat.purr",192
"minecraft:entity.cat.purreow",193
"minecraft:entity.cat.stray_ambient",186
"minecraft:entity.chicken.ambient",208
"minecraft:entity.chicken.death",209
"minecraft:entity.chicken.egg",210
"minecraft:entity.chicken.hurt",211
"minecraft:entity.chicken.step",212
"minecraft:entity.cod.ambient",216
"minecraft:entity.cod.death",217
"minecraft:entity.cod.flop",218
"minecraft:entity.cod.hurt",219
"minecraft:entity.cow.ambient",240
"minecraft:entity.cow.death",241
"minecraft:entity.cow.hurt",242
"minecraft:entity.cow.milk",243
"minecraft:entity.cow.step",244
"minecraft:entity.creeper.death",245
"minecraft:entity.creeper.hurt",246
"minecraft:entity.creeper.primed",247
"minecraft:entity.dolphin.ambient",276
"minecraft:entity.dolphin.ambient_water",277
"minecraft:entity.dolphin.attack",278
"minecraft:entity.dolphin.death",279
"minecraft:entity.dolphin.eat",280
"minecraft:entity.dolphin.hurt",281
"minecraft:entity.dolphin.jump",282
"minecraft:entity.dolphin.play",283
"minecraft:entity.dolphin.splash",284
"minecraft:entity.dolphin.swim",285
"minecraft:entity.donkey.ambient",286
"minecraft:entity.donkey.angry",287
"minecraft:entity.donkey.chest",288
"minecraft:entity.donkey.death",289
"minecraft:entity.donkey.eat",290
"minecraft:entity.donkey.hurt",291
"minecraft:entity.dragon_fireball.explode",334
"minecraft:entity.drowned.ambient",309
"minecraft:entity.drowned.ambient_water",310
"minecraft:entity.drowned.death",311
"minecraft:entity.drowned.death_water",312
"minecraft:entity.drowned.hurt",313
"minecraft:entity.drowned.hurt_water",314
"minecraft:entity.drowned.shoot",315
"minecraft:entity.drowned.step",316
"minecraft:entity.drowned.swim",317
"minecraft:entity.egg.throw",319
"minecraft:entity.elder_guardian.ambient",320
"minecraft:entity.elder_guardian.ambient_land",321
"minecraft:entity.elder_guardian.curse",322
"minecraft:entity.elder_guardian.death",323
"minecraft:entity.elder_guardian.death_land",324
"minecraft:entity.elder_guardian.flop",325
"minecraft:entity.elder_guardian.hurt",326
"minecraft:entity.elder_guardian.hurt_land",327
"minecraft:entity.ender_dragon.ambient",332
"minecraft:entity.ender_dragon.death",333
"minecraft:entity.ender_dragon.flap",335
"minecraft:entity.ender_dragon.growl",336
"minecraft:entity.ender_dragon.hurt",337
"minecraft:entity.ender_dragon.shoot",338
"minecraft:entity.ender_eye.death",339
"minecraft:entity.ender_eye.launch",340
"minecraft:entity.ender_pearl.throw",351
"minecraft:entity.enderman.ambient",341
"minecraft:entity.enderman.death",342
"minecraft:entity.enderman.hurt",343
"minecraft:entity.enderman.scream",344
"minecraft:entity.enderman.stare",345
"minecraft:entity.enderman.teleport",346
"minecraft:entity.endermite.ambient",347
"minecraft:entity.endermite.death",348
"minecraft:entity.endermite.hurt",349
"minecraft:entity.endermite.step",350
"minecraft:entity.evoker.ambient",355
"minecraft:entity.evoker.cast_spell",356
"minecraft:entity.evoker.celebrate",357
"minecraft:entity.evoker.death",358
"minecraft:entity.evoker.hurt",360
"minecraft:entity.evoker.prepare_attack",361
"minecraft:entity.evoker.prepare_summon",362
"minecraft:entity.evoker.prepare_wololo",363
"minecraft:entity.evoker_fangs.attack",359
"minecraft:entity.experience_bottle.throw",364
"minecraft:entity.experience_orb.pickup",365
"minecraft:entity.firework_rocket.blast",369
"minecraft:entity.firework_rocket.blast_far",370
"minecraft:entity.firework_rocket.large_blast",371
"minecraft:entity.firework_rocket.large_blast_far",372
"minecraft:entity.firework_rocket.launch",373
"minecraft:entity.firework_rocket.shoot",374
"minecraft:entity.firework_rocket.twinkle",375
"minecraft:entity.firework_rocket.twinkle_far",376
"minecraft:entity.fish.swim",379
"minecraft:entity.fishing_bobber.retrieve",380
"minecraft:entity.fishing_bobber.splash",381
"minecraft:entity.fishing_bobber.throw",382
"minecraft:entity.fox.aggro",389
"minecraft:entity.fox.ambient",390
"minecraft:entity.fox.bite",391
"minecraft:entity.fox.death",392
"minecraft:entity.fox.eat",393
"minecraft:entity.fox.hurt",394
"minecraft:entity.fox.screech",395
"minecraft:entity.fox.sleep",396
"minecraft:entity.fox.sniff",397
"minecraft:entity.fox.spit",398
"minecraft:entity.fox.teleport",399
"minecraft:entity.frog.ambient",411
"minecraft:entity.frog.death",412
"minecraft:entity.frog.eat",413
"minecraft:entity.frog.hurt",414
"minecraft:entity.frog.lay_spawn",415
"minecraft:entity.frog.long_jump",416
"minecraft:entity.frog.step",417
"minecraft:entity.frog.tongue",418
"minecraft:entity.generic.big_fall",425
"minecraft:entity.generic.burn",426
"minecraft:entity.generic.death",427
"minecraft:entity.generic.drink",428
"minecraft:entity.generic.eat",429
"minecraft:entity.generic.explode",430
"minecraft:entity.generic.extinguish_fire",431
"minecraft:entity.generic.hurt",432
"minecraft:entity.generic.small_fall",433
"minecraft:entity.generic.splash",434
"minecraft:entity.generic.swim",435
"minecraft:entity.ghast.ambient",436
"minecraft:entity.ghast.death",437
"minecraft:entity.ghast.hurt",438
"minecraft:entity.ghast.scream",439
"minecraft:entity.ghast.shoot",440
"minecraft:entity.ghast.warn",441
"minecraft:entity.glow_item_frame.add_item",453
"minecraft:entity.glow_item_frame.break",454
"minecraft:entity.glow_item_frame.place",455
"minecraft:entity.glow_item_frame.remove_item",456
"minecraft:entity.glow_item_frame.rotate_item",457
"minecraft:entity.glow_squid.ambient",458
"minecraft:entity.glow_squid.death",459
"minecraft:entity.glow_squid.hurt",460
"minecraft:entity.glow_squid.squirt",461
"minecraft:entity.goat.ambient",462
"minecraft:entity.goat.death",463
"minecraft:entity.goat.eat",464
"minecraft:entity.goat.horn_break",470
"minecraft:entity.goat.hurt",465
"minecraft:entity.goat.long_jump",466
"minecraft:entity.goat.milk",467
"minecraft:entity.goat.prepare_ram",468
"minecraft:entity.goat.ram_impact",469
"minecraft:entity.goat.screaming.ambient",472
"minecraft:entity.goat.screaming.death",473
"minecraft:entity.goat.screaming.eat",474
"minecraft:entity.goat.screaming.horn_break",480
"minecraft:entity.goat.screaming.hurt",475
"minecraft:entity.goat.screaming.long_jump",476
"minecraft:entity.goat.screaming.milk",477
"minecraft:entity.goat.screaming.prepare_ram",478
"minecraft:entity.goat.screaming.ram_impact",479
"minecraft:entity.goat.step",481
"minecraft:entity.guardian.ambient",494
"minecraft:entity.guardian.ambient_land",495
"minecraft:entity.guardian.attack",496
"minecraft:entity.guardian.death",497
"minecraft:entity.guardian.death_land",498
"minecraft:entity.guardian.flop",499
"minecraft:entity.guardian.hurt",500
"minecraft:entity.guardian.hurt_land",501
"minecraft:entity.hoglin.ambient",508
"minecraft:entity.hoglin.angry",509
"minecraft:entity.hoglin.attack",510
"minecraft:entity.hoglin.converted_to_zombified",511
"minecraft:entity.hoglin.death",512
"minecraft:entity.hoglin.hurt",513
"minecraft:entity.hoglin.retreat",514
"minecraft:entity.hoglin.step",515
"minecraft:entity.horse.ambient",532
"minecraft:entity.horse.angry",533
"minecraft:entity.horse.armor",534
"minecraft:entity.horse.breathe",535
"minecraft:entity.horse.death",536
"minecraft:entity.horse.eat",537
"minecraft:entity.horse.gallop",538
"minecraft:entity.horse.hurt",539
"minecraft:entity.horse.jump",540
"minecraft:entity.horse.land",541
"minecraft:entity.horse.saddle",542
"minecraft:entity.horse.step",543
"minecraft:entity.horse.step_wood",544
"minecraft:entity.hostile.big_fall",545
"minecraft:entity.hostile.death",546
"minecraft:entity.hostile.hurt",547
"minecraft:entity.hostile.small_fall",548
"minecraft:entity.hostile.splash",549
"minecraft:entity.hostile.swim",550
"minecraft:entity.husk.ambient",551
"minecraft:entity.husk.converted_to_zombie",552
"minecraft:entity.husk.death",553
"minecraft:entity.husk.hurt",554
"minecraft:entity.husk.step",555
"minecraft:entity.illusioner.ambient",556
"minecraft:entity.illusioner.cast_spell",557
"minecraft:entity.illusioner.death",558
"minecraft:entity.illusioner.hurt",559
"minecraft:entity.illusioner.mirror_move",560
"minecraft:entity.illusioner.prepare_blindness",561
"minecraft:entity.illusioner.prepare_mirror",562
"minecraft:entity.iron_golem.attack",566
"minecraft:entity.iron_golem.damage",567
"minecraft:entity.iron_golem.death",568
"minecraft:entity.iron_golem.hurt",569
"minecraft:entity.iron_golem.repair",570
"minecraft:entity.iron_golem.step",571
"minecraft:entity.item.break",579
"minecraft:entity.item.pickup",580
"minecraft:entity.item_frame.add_item",574
"minecraft:entity.item_frame.break",575
"minecraft:entity.item_frame.place",576
"minecraft:entity.item_frame.remove_item",577
"minecraft:entity.item_frame.rotate_item",578
"minecraft:entity.leash_knot.break",596
"minecraft:entity.leash_knot.place",597
"minecraft:entity.lightning_bolt.impact",599
"minecraft:entity.lightning_bolt.thunder",600
"minecraft:entity.lingering_potion.throw",601
"minecraft:entity.llama.ambient",602
"minecraft:entity.llama.angry",603
"minecraft:entity.llama.chest",604
"minecraft:entity.llama.death",605
"minecraft:entity.llama.eat",606
"minecraft:entity.llama.hurt",607
"minecraft:entity.llama.spit",608
"minecraft:entity.llama.step",609
"minecraft:entity.llama.swag",610
"minecraft:entity.magma_cube.death",618
"minecraft:entity.magma_cube.death_small",611
"minecraft:entity.magma_cube.hurt",619
"minecraft:entity.magma_cube.hurt_small",620
"minecraft:entity.magma_cube.jump",621
"minecraft:entity.magma_cube.squish",622
"minecraft:entity.magma_cube.squish_small",623
"minecraft:entity.minecart.inside",639
"minecraft:entity.minecart.inside.underwater",638
"minecraft:entity.minecart.riding",640
"minecraft:entity.mooshroom.convert",641
"minecraft:entity.mooshroom.eat",642
"minecraft:entity.mooshroom.milk",643
"minecraft:entity.mooshroom.shear",645
"minecraft:entity.mooshroom.suspicious_milk",644
"minecraft:entity.mule.ambient",671
"minecraft:entity.mule.angry",672
"minecraft:entity.mule.chest",673
"minecraft:entity.mule.death",674
"minecraft:entity.mule.eat",675
"minecraft:entity.mule.hurt",676
"minecraft:entity.ocelot.ambient",785
"minecraft:entity.ocelot.death",786
"minecraft:entity.ocelot.hurt",784
"minecraft:entity.painting.break",787
"minecraft:entity.painting.place",788
"minecraft:entity.panda.aggressive_ambient",796
"minecraft:entity.panda.ambient",791
"minecraft:entity.panda.bite",799
"minecraft:entity.panda.cant_breed",795
"minecraft:entity.panda.death",792
"minecraft:entity.panda.eat",793
"minecraft:entity.panda.hurt",798
"minecraft:entity.panda.pre_sneeze",789
"minecraft:entity.panda.sneeze",790
"minecraft:entity.panda.step",794
"minecraft:entity.panda.worried_ambient",797
"minecraft:entity.parrot.ambient",800
"minecraft:entity.parrot.death",801
"minecraft:entity.parrot.eat",802
"minecraft:entity.parrot.fly",803
"minecraft:entity.parrot.hurt",804
"minecraft:entity.parrot.imitate.blaze",805
"minecraft:entity.parrot.imitate.creeper",806
"minecraft:entity.parrot.imitate.drowned",807
"minecraft:entity.parrot.imitate.elder_guardian",808
"minecraft:entity.parrot.imitate.ender_dragon",809
"minecraft:entity.parrot.imitate.endermite",810
"minecraft:entity.parrot.imitate.evoker",811
"minecraft:entity.parrot.imitate.ghast",812
"minecraft:entity.parrot.imitate.guardian",813
"minecraft:entity.parrot.imitate.hoglin",814
"minecraft:entity.parrot.imitate.husk",815
"minecraft:entity.parrot.imitate.illusioner",816
"minecraft:entity.parrot.imitate.magma_cube",817
"minecraft:entity.parrot.imitate.phantom",818
"minecraft:entity.parrot.imitate.piglin",819
"minecraft:entity.parrot.imitate.piglin_brute",820
"minecraft:entity.parrot.imitate.pillager",821
"minecraft:entity.parrot.imitate.ravager",822
"minecraft:entity.parrot.imitate.shulker",823
"minecraft:entity.parrot.imitate.silverfish",824
"minecraft:entity.parrot.imitate.skeleton",825
"minecraft:entity.parrot.imitate.slime",826
"minecraft:entity.parrot.imitate.spider",827
"minecraft:entity.parrot.imitate.stray",828
"minecraft:entity.parrot.imitate.vex",829
"minecraft:entity.parrot.imitate.vindicator",830
"minecraft:entity.parrot.imitate.warden",831
"minecraft:entity.parrot.imitate.witch",832
"minecraft:entity.parrot.imitate.wither",833
"minecraft:entity.parrot.imitate.wither_skeleton",834
"minecraft:entity.parrot.imitate.zoglin",835
"minecraft:entity.parrot.imitate.zombie",836
"minecraft:entity.parrot.imitate.zombie_villager",837
"minecraft:entity.parrot.step",838
"minecraft:entity.phantom.ambient",839
"minecraft:entity.phantom.bite",840
"minecraft:entity.phantom.death",841
"minecraft:entity.phantom.flap",842
"minecraft:entity.phantom.hurt",843
"minecraft:entity.phantom.swoop",844
"minecraft:entity.pig.ambient",845
"minecraft:entity.pig.death",846
"minecraft:entity.pig.hurt",847
"minecraft:entity.pig.saddle",848
"minecraft:entity.pig.step",849
"minecraft:entity.piglin.admiring_item",850
"minecraft:entity.piglin.ambient",851
"minecraft:entity.piglin.angry",852
"minecraft:entity.piglin.celebrate",853
"minecraft:entity.piglin.converted_to_zombified",859
"minecraft:entity.piglin.death",854
"minecraft:entity.piglin.hurt",856
"minecraft:entity.piglin.jealous",855
"minecraft:entity.piglin.retreat",857
"minecraft:entity.piglin.step",858
"minecraft:entity.piglin_brute.ambient",860
"minecraft:entity.piglin_brute.angry",861
"minecraft:entity.piglin_brute.converted_to_zombified",865
"minecraft:entity.piglin_brute.death",862
"minecraft:entity.piglin_brute.hurt",863
"minecraft:entity.piglin_brute.step",864
"minecraft:entity.pillager.ambient",866
"minecraft:entity.pillager.celebrate",867
"minecraft:entity.pillager.death",868
"minecraft:entity.pillager.hurt",869
"minecraft:entity.player.attack.crit",872
"minecraft:entity.player.attack.knockback",873
"minecraft:entity.player.attack.nodamage",874
"minecraft:entity.player.attack.strong",875
"minecraft:entity.player.attack.sweep",876
"minecraft:entity.player.attack.weak",877
"minecraft:entity.player.big_fall",878
"minecraft:entity.player.breath",879
"minecraft:entity.player.burp",880
"minecraft:entity.player.death",881
"minecraft:entity.player.hurt",882
"minecraft:entity.player.hurt_drown",883
"minecraft:entity.player.hurt_freeze",884
"minecraft:entity.player.hurt_on_fire",885
"minecraft:entity.player.hurt_sweet_berry_bush",886
"minecraft:entity.player.levelup",887
"minecraft:entity.player.small_fall",888
"minecraft:entity.player.splash",889
"minecraft:entity.player.splash.high_speed",890
"minecraft:entity.player.swim",891
"minecraft:entity.polar_bear.ambient",892
"minecraft:entity.polar_bear.ambient_baby",893
"minecraft:entity.polar_bear.death",894
"minecraft:entity.polar_bear.hurt",895
"minecraft:entity.polar_bear.step",896
"minecraft:entity.polar_bear.warning",897
"minecraft:entity.puffer_fish.ambient",911
"minecraft:entity.puffer_fish.blow_out",912
"minecraft:entity.puffer_fish.blow_up",913
"minecraft:entity.puffer_fish.death",914
"minecraft:entity.puffer_fish.flop",915
"minecraft:entity.puffer_fish.hurt",916
"minecraft:entity.puffer_fish.sting",917
"minecraft:entity.rabbit.ambient",919
"minecraft:entity.rabbit.attack",920
"minecraft:entity.rabbit.death",921
"minecraft:entity.rabbit.hurt",922
"minecraft:entity.rabbit.jump",923
"minecraft:entity.ravager.ambient",925
"minecraft:entity.ravager.attack",926
"minecraft:entity.ravager.celebrate",927
"minecraft:entity.ravager.death",928
"minecraft:entity.ravager.hurt",929
"minecraft:entity.ravager.roar",932
"minecraft:entity.ravager.step",930
"minecraft:entity.ravager.stunned",931
"minecraft:entity.salmon.ambient",953
"minecraft:entity.salmon.death",954
"minecraft:entity.salmon.flop",955
"minecraft:entity.salmon.hurt",956
"minecraft:entity.sheep.ambient",998
"minecraft:entity.sheep.death",999
"minecraft:entity.sheep.hurt",1000
"minecraft:entity.sheep.shear",1001
"minecraft:entity.sheep.step",1002
"minecraft:entity.shulker.ambient",1011
"minecraft:entity.shulker.close",1016
"minecraft:entity.shulker.death",1017
"minecraft:entity.shulker.hurt",1018
"minecraft:entity.shulker.hurt_closed",1019
"minecraft:entity.shulker.open",1020
"minecraft:entity.shulker.shoot",1021
"minecraft:entity.shulker.teleport",1022
"minecraft:entity.shulker_bullet.hit",1014
"minecraft:entity.shulker_bullet.hurt",1015
"minecraft:entity.silverfish.ambient",1023
"minecraft:entity.silverfish.death",1024
"minecraft:entity.silverfish.hurt",1025
"minecraft:entity.silverfish.step",1026
"minecraft:entity.skeleton.ambient",1027
"minecraft:entity.skeleton.converted_to_stray",1028
"minecraft:entity.skeleton.death",1029
"minecraft:entity.skeleton.hurt",1038
"minecraft:entity.skeleton.shoot",1039
"minecraft:entity.skeleton.step",1040
"minecraft:entity.skeleton_horse.ambient",1030
"minecraft:entity.skeleton_horse.ambient_water",1034
"minecraft:entity.skeleton_horse.death",1031
"minecraft:entity.skeleton_horse.gallop_water",1035
"minecraft:entity.skeleton_horse.hurt",1032
"minecraft:entity.skeleton_horse.jump_water",1036
"minecraft:entity.skeleton_horse.step_water",1037
"minecraft:entity.skeleton_horse.swim",1033
"minecraft:entity.slime.attack",1041
"minecraft:entity.slime.death",1042
"minecraft:entity.slime.death_small",1083
"minecraft:entity.slime.hurt",1043
"minecraft:entity.slime.hurt_small",1084
"minecraft:entity.slime.jump",1044
"minecraft:entity.slime.jump_small",1085
"minecraft:entity.slime.squish",1045
"minecraft:entity.slime.squish_small",1086
"minecraft:entity.snow_golem.ambient",1092
"minecraft:entity.snow_golem.death",1093
"minecraft:entity.snow_golem.hurt",1094
"minecraft:entity.snow_golem.shear",1096
"minecraft:entity.snow_golem.shoot",1095
"minecraft:entity.snowball.throw",1089
"minecraft:entity.spider.ambient",1100
"minecraft:entity.spider.death",1101
"minecraft:entity.spider.hurt",1102
"minecraft:entity.spider.step",1103
"minecraft:entity.splash_potion.break",1104
"minecraft:entity.splash_potion.throw",1105
"minecraft:entity.squid.ambient",1108
"minecraft:entity.squid.death",1109
"minecraft:entity.squid.hurt",1110
"minecraft:entity.squid.squirt",1111
"minecraft:entity.stray.ambient",1121
"minecraft:entity.stray.death",1122
"minecraft:entity.stray.hurt",1123
"minecraft:entity.stray.step",1124
"minecraft:entity.strider.ambient",1074
"minecraft:entity.strider.death",1077
"minecraft:entity.strider.eat",1081
"minecraft:entity.strider.happy",1075
"minecraft:entity.strider.hurt",1078
"minecraft:entity.strider.retreat",1076
"minecraft:entity.strider.saddle",1082
"minecraft:entity.strider.step",1079
"minecraft:entity.strider.step_lava",1080
"minecraft:entity.tadpole.death",1128
"minecraft:entity.tadpole.flop",1129
"minecraft:entity.tadpole.grow_up",1130
"minecraft:entity.tadpole.hurt",1131
"minecraft:entity.tnt.primed",1133
"minecraft:entity.tropical_fish.ambient",1147
"minecraft:entity.tropical_fish.death",1148
"minecraft:entity.tropical_fish.flop",1149
"minecraft:entity.tropical_fish.hurt",1150
"minecraft:entity.turtle.ambient_land",1156
"minecraft:entity.turtle.death",1157
"minecraft:entity.turtle.death_baby",1158
"minecraft:entity.turtle.egg_break",1159
"minecraft:entity.turtle.egg_crack",1160
"minecraft:entity.turtle.egg_hatch",1161
"minecraft:entity.turtle.hurt",1162
"minecraft:entity.turtle.hurt_baby",1163
"minecraft:entity.turtle.lay_egg",1164
"minecraft:entity.turtle.shamble",1165
"minecraft:entity.turtle.shamble_baby",1166
"minecraft:entity.turtle.swim",1167
"minecraft:entity.vex.ambient",1177
"minecraft:entity.vex.charge",1178
"minecraft:entity.vex.death",1179
"minecraft:entity.vex.hurt",1180
"minecraft:entity.villager.ambient",1181
"minecraft:entity.villager.celebrate",1182
"minecraft:entity.villager.death",1183
"minecraft:entity.villager.hurt",1184
"minecraft:entity.villager.no",1185
"minecraft:entity.villager.trade",1186
"minecraft:entity.villager.work_armorer",1188
"minecraft:entity.villager.work_butcher",1189
"minecraft:entity.villager.work_cartographer",1190
"minecraft:entity.villager.work_cleric",1191
"minecraft:entity.villager.work_farmer",1192
"minecraft:entity.villager.work_fisherman",1193
"minecraft:entity.villager.work_fletcher",1194
"minecraft:entity.villager.work_leatherworker",1195
"minecraft:entity.villager.work_librarian",1196
"minecraft:entity.villager.work_mason",1197
"minecraft:entity.villager.work_shepherd",1198
"minecraft:entity.villager.work_toolsmith",1199
"minecraft:entity.villager.work_weaponsmith",1200
"minecraft:entity.villager.yes",1187
"minecraft:entity.vindicator.ambient",1201
"minecraft:entity.vindicator.celebrate",1202
"minecraft:entity.vindicator.death",1203
"minecraft:entity.vindicator.hurt",1204
"minecraft:entity.wandering_trader.ambient",1211
"minecraft:entity.wandering_trader.death",1212
"minecraft:entity.wandering_trader.disappeared",1213
"minecraft:entity.wandering_trader.drink_milk",1214
"minecraft:entity.wandering_trader.drink_potion",1215
"minecraft:entity.wandering_trader.hurt",1216
"minecraft:entity.wandering_trader.no",1217
"minecraft:entity.wandering_trader.reappeared",1218
"minecraft:entity.wandering_trader.trade",1219
"minecraft:entity.wandering_trader.yes",1220
"minecraft:entity.warden.agitated",1221
"minecraft:entity.warden.ambient",1222
"minecraft:entity.warden.angry",1223
"minecraft:entity.warden.attack_impact",1224
"minecraft:entity.warden.death",1225
"minecraft:entity.warden.dig",1226
"minecraft:entity.warden.emerge",1227
"minecraft:entity.warden.heartbeat",1228
"minecraft:entity.warden.hurt",1229
"minecraft:entity.warden.listening",1230
"minecraft:entity.warden.listening_angry",1231
"minecraft:entity.warden.nearby_close",1232
"minecraft:entity.warden.nearby_closer",1233
"minecraft:entity.warden.nearby_closest",1234
"minecraft:entity.warden.roar",1235
"minecraft:entity.warden.sniff",1236
"minecraft:entity.warden.sonic_boom",1237
"minecraft:entity.warden.sonic_charge",1238
"minecraft:entity.warden.step",1239
"minecraft:entity.warden.tendril_clicks",1240
"minecraft:entity.witch.ambient",1249
"minecraft:entity.witch.celebrate",1250
"minecraft:entity.witch.death",1251
"minecraft:entity.witch.drink",1252
"minecraft:entity.witch.hurt",1253
"minecraft:entity.witch.throw",1254
"minecraft:entity.wither.ambient",1255
"minecraft:entity.wither.break_block",1256
"minecraft:entity.wither.death",1257
"minecraft:entity.wither.hurt",1258
"minecraft:entity.wither.shoot",1259
"minecraft:entity.wither.spawn",1264
"minecraft:entity.wither_skeleton.ambient",1260
"minecraft:entity.wither_skeleton.death",1261
"minecraft:entity.wither_skeleton.hurt",1262
"minecraft:entity.wither_skeleton.step",1263
"minecraft:entity.wolf.ambient",1265
"minecraft:entity.wolf.death",1266
"minecraft:entity.wolf.growl",1267
"minecraft:entity.wolf.howl",1268
"minecraft:entity.wolf.hurt",1269
"minecraft:entity.wolf.pant",1270
"minecraft:entity.wolf.shake",1271
"minecraft:entity.wolf.step",1272
"minecraft:entity.wolf.whine",1273
"minecraft:entity.zoglin.ambient",1292
"minecraft:entity.zoglin.angry",1293
"minecraft:entity.zoglin.attack",1294
"minecraft:entity.zoglin.death",1295
"minecraft:entity.zoglin.hurt",1296
"minecraft:entity.zoglin.step",1297
"minecraft:entity.zombie.ambient",1298
"minecraft:entity.zombie.attack_iron_door",1300
"minecraft:entity.zombie.attack_wooden_door",1299
"minecraft:entity.zombie.break_wooden_door",1301
"minecraft:entity.zombie.converted_to_drowned",1302
"minecraft:entity.zombie.death",1303
"minecraft:entity.zombie.destroy_egg",1304
"minecraft:entity.zombie.hurt",1308
"minecraft:entity.zombie.infect",1309
"minecraft:entity.zombie.step",1314
"minecraft:entity.zombie_horse.ambient",1305
"minecraft:entity.zombie_horse.death",1306
"minecraft:entity.zombie_horse.hurt",1307
"minecraft:entity.zombie_villager.ambient",1315
"minecraft:entity.zombie_villager.converted",1316
"minecraft:entity.zombie_villager.cure",1317
"minecraft:entity.zombie_villager.death",1318
"minecraft:entity.zombie_villager.hurt",1319
"minecraft:entity.zombie_villager.step",1320
"minecraft:entity.zombified_piglin.ambient",1310
"minecraft:entity.zombified_piglin.angry",1311
"minecraft:entity.zombified_piglin.death",1312
"minecraft:entity.zombified_piglin.hurt",1313
"minecraft:event.raid.horn",924
"minecraft:item.armor.equip_chain",53
"minecraft:item.armor.equip_diamond",54
"minecraft:item.armor.equip_elytra",55
"minecraft:item.armor.equip_generic",56
"minecraft:item.armor.equip_gold",57
"minecraft:item.armor.equip_iron",58
"minecraft:item.armor.equip_leather",59
"minecraft:item.armor.equip_netherite",60
"minecraft:item.armor.equip_turtle",61
"minecraft:item.axe.scrape",70
"minecraft:item.axe.strip",69
"minecraft:item.axe.wax_off",71
"minecraft:item.bone_meal.use",143
"minecraft:item.book.page_turn",144
"minecraft:item.book.put",145
"minecraft:item.bottle.empty",147
"minecraft:item.bottle.fill",148
"minecraft:item.bottle.fill_dragonbreath",149
"minecraft:item.bucket.empty",156
"minecraft:item.bucket.empty_axolotl",157
"minecraft:item.bucket.empty_fish",158
"minecraft:item.bucket.empty_lava",159
"minecraft:item.bucket.empty_powder_snow",160
"minecraft:item.bucket.empty_tadpole",161
"minecraft:item.bucket.fill",162
"minecraft:item.bucket.fill_axolotl",163
"minecraft:item.bucket.fill_fish",164
"minecraft:item.bucket.fill_lava",165
"minecraft:item.bucket.fill_powder_snow",166
"minecraft:item.bucket.fill_tadpole",167
"minecraft:item.bundle.drop_contents",168
"minecraft:item.bundle.insert",169
"minecraft:item.bundle.remove_one",170
"minecraft:item.chorus_fruit.teleport",215
"minecraft:item.crop.plant",249
"minecraft:item.crossbow.hit",250
"minecraft:item.crossbow.loading_end",251
"minecraft:item.crossbow.loading_middle",252
"minecraft:item.crossbow.loading_start",253
"minecraft:item.crossbow.quick_charge_1",254
"minecraft:item.crossbow.quick_charge_2",255
"minecraft:item.crossbow.quick_charge_3",256
"minecraft:item.crossbow.shoot",257
"minecraft:item.dye.use",318
"minecraft:item.elytra.flying",328
"minecraft:item.firecharge.use",368
"minecraft:item.flintandsteel.use",383
"minecraft:item.glow_ink_sac.use",452
"minecraft:item.goat_horn.play",471
"minecraft:item.goat_horn.sound.0",524
"minecraft:item.goat_horn.sound.1",525
"minecraft:item.goat_horn.sound.2",526
"minecraft:item.goat_horn.sound.3",527
"minecraft:item.goat_horn.sound.4",528
"minecraft:item.goat_horn.sound.5",529
"minecraft:item.goat_horn.sound.6",530
"minecraft:item.goat_horn.sound.7",531
"minecraft:item.hoe.till",507
"minecraft:item.honey_bottle.drink",523
"minecraft:item.honeycomb.wax_on",522
"minecraft:item.ink_sac.use",563
"minecraft:item.lodestone_compass.lock",617
"minecraft:item.nether_wart.plant",722
"minecraft:item.shield.block",1003
"minecraft:item.shield.break",1004
"minecraft:item.shovel.flatten",1010
"minecraft:item.spyglass.stop_using",1107
"minecraft:item.spyglass.use",1106
"minecraft:item.totem.use",1134
"minecraft:item.trident.hit",1135
"minecraft:item.trident.hit_ground",1136
"minecraft:item.trident.return",1137
"minecraft:item.trident.riptide_1",1138
"minecraft:item.trident.riptide_2",1139
"minecraft:item.trident.riptide_3",1140
"minecraft:item.trident.throw",1141
"minecraft:item.trident.thunder",1142
"minecraft:music.creative",677
"minecraft:music.credits",678
"minecraft:music.dragon",694
"minecraft:music.end",695
"minecraft:music.game",696
"minecraft:music.menu",697
"minecraft:music.nether.basalt_deltas",698
"minecraft:music.nether.crimson_forest",699
"minecraft:music.nether.nether_wastes",709
"minecraft:music.nether.soul_sand_valley",712
"minecraft:music.nether.warped_forest",714
"minecraft:music.overworld.deep_dark",700
"minecraft:music.overworld.dripstone_caves",701
"minecraft:music.overworld.frozen_peaks",710
"minecraft:music.overworld.grove",702
"minecraft:music.overworld.jagged_peaks",703
"minecraft:music.overworld.jungle_and_forest",706
"minecraft:music.overworld.lush_caves",704
"minecraft:music.overworld.meadow",708
"minecraft:music.overworld.old_growth_taiga",707
"minecraft:music.overworld.snowy_slopes",711
"minecraft:music.overworld.stony_peaks",713
"minecraft:music.overworld.swamp",705
"minecraft:music.under_water",715
"minecraft:music_disc.11",680
"minecraft:music_disc.13",681
"minecraft:music_disc.5",679
"minecraft:music_disc.blocks",682
"minecraft:music_disc.cat",683
"minecraft:music_disc.chirp",684
"minecraft:music_disc.far",685
"minecraft:music_disc.mall",686
"minecraft:music_disc.mellohi",687
"minecraft:music_disc.otherside",693
"minecraft:music_disc.pigstep",688
"minecraft:music_disc.stal",689
"minecraft:music_disc.strad",690
"minecraft:music_disc.wait",691
"minecraft:music_disc.ward",692
"minecraft:particle.soul_escape",1068
"minecraft:ui.button.click",1168
"minecraft:ui.cartography_table.take_result",1171
"minecraft:ui.loom.select_pattern",1169
"minecraft:ui.loom.take_result",1170
"minecraft:ui.stonecutter.select_recipe",1173
"minecraft:ui.stonecutter.take_result",1172
"minecraft:ui.toast.challenge_complete",1174
"minecraft:ui.toast.in",1175
"minecraft:ui.toast.out",1176
"minecraft:weather.rain",1242
"minecraft:weather.rain.above",1243
"mowziesmobs:block.gong",1555
"mowziesmobs:block.rakesand",1556
"mowziesmobs:foliaath.baby.eat",1493
"mowziesmobs:foliaath.bite1",1490
"mowziesmobs:foliaath.die",1492
"mowziesmobs:foliaath.emerge",1486
"mowziesmobs:foliaath.grunt",1484
"mowziesmobs:foliaath.hurt",1491
"mowziesmobs:foliaath.pant1",1488
"mowziesmobs:foliaath.pant2",1489
"mowziesmobs:foliaath.retreat",1487
"mowziesmobs:foliaath.rustle",1485
"mowziesmobs:frostmaw.attack1",1504
"mowziesmobs:frostmaw.attack2",1505
"mowziesmobs:frostmaw.attack3",1506
"mowziesmobs:frostmaw.attack4",1507
"mowziesmobs:frostmaw.breath1",1508
"mowziesmobs:frostmaw.breath2",1509
"mowziesmobs:frostmaw.die",1495
"mowziesmobs:frostmaw.frozencrash",1501
"mowziesmobs:frostmaw.iceballcharge",1499
"mowziesmobs:frostmaw.iceballshoot",1500
"mowziesmobs:frostmaw.icebreath",1497
"mowziesmobs:frostmaw.icebreathstart",1498
"mowziesmobs:frostmaw.land",1503
"mowziesmobs:frostmaw.living1",1510
"mowziesmobs:frostmaw.living2",1511
"mowziesmobs:frostmaw.roar",1494
"mowziesmobs:frostmaw.step",1502
"mowziesmobs:frostmaw.wakeup",1512
"mowziesmobs:frostmaw.whoosh",1496
"mowziesmobs:geomancy.bouldercharge",1553
"mowziesmobs:geomancy.breaklarge",1538
"mowziesmobs:geomancy.breaklarge2",1539
"mowziesmobs:geomancy.breakmedium",1540
"mowziesmobs:geomancy.breakmedium2",1541
"mowziesmobs:geomancy.breakmedium3",1542
"mowziesmobs:geomancy.hit",1543
"mowziesmobs:geomancy.hitbig",1537
"mowziesmobs:geomancy.hitmedium",1544
"mowziesmobs:geomancy.hitmedium2",1545
"mowziesmobs:geomancy.hitsmall",1536
"mowziesmobs:geomancy.magicchargesmall",1554
"mowziesmobs:geomancy.rockbreak",1546
"mowziesmobs:geomancy.rockcrash1",1547
"mowziesmobs:geomancy.rockcrumble",1548
"mowziesmobs:geomancy.rumble1",1549
"mowziesmobs:geomancy.rumble2",1550
"mowziesmobs:geomancy.rumble3",1551
"mowziesmobs:geomancy.smallcrash",1535
"mowziesmobs:geomancy.smallrockhit",1552
"mowziesmobs:grottol.burrow",1515
"mowziesmobs:grottol.die",1516
"mowziesmobs:grottol.step",1513
"mowziesmobs:grottol.undamaged",1514
"mowziesmobs:lantern.pop",1517
"mowziesmobs:lantern.puff",1518
"mowziesmobs:laser",1418
"mowziesmobs:misc.groundhit1",1557
"mowziesmobs:misc.groundhit2",1558
"mowziesmobs:misc.metal_impact",1559
"mowziesmobs:music.black_pink",1560
"mowziesmobs:music.ferrous_wroughtnaut_theme",1563
"mowziesmobs:music.frostmaw_theme",1564
"mowziesmobs:music.petiole",1561
"mowziesmobs:music.umvuthi_theme",1562
"mowziesmobs:naga.acidcharge",1519
"mowziesmobs:naga.acidhit",1520
"mowziesmobs:naga.acidspit",1521
"mowziesmobs:naga.acidspithiss",1522
"mowziesmobs:naga.flap1",1523
"mowziesmobs:naga.growl1",1524
"mowziesmobs:naga.growl2",1525
"mowziesmobs:naga.growl3",1526
"mowziesmobs:naga.grunt1",1527
"mowziesmobs:naga.grunt2",1528
"mowziesmobs:naga.grunt3",1529
"mowziesmobs:naga.roar1",1530
"mowziesmobs:naga.roar2",1531
"mowziesmobs:naga.roar3",1532
"mowziesmobs:naga.roar4",1533
"mowziesmobs:naga.swoop",1534
"mowziesmobs:sunstrike",1419
"mowziesmobs:supernova.blackhole",1477
"mowziesmobs:supernova.end",1478
"mowziesmobs:supernova.start",1476
"mowziesmobs:umvuthana.alert",1453
"mowziesmobs:umvuthana.attack1",1462
"mowziesmobs:umvuthana.attack2",1463
"mowziesmobs:umvuthana.attack3",1464
"mowziesmobs:umvuthana.attack_big",1465
"mowziesmobs:umvuthana.blowdart",1446
"mowziesmobs:umvuthana.die",1451
"mowziesmobs:umvuthana.emerge",1447
"mowziesmobs:umvuthana.healloop",1472
"mowziesmobs:umvuthana.healstart1",1466
"mowziesmobs:umvuthana.healstart2",1467
"mowziesmobs:umvuthana.healstart3",1468
"mowziesmobs:umvuthana.hurt",1449
"mowziesmobs:umvuthana.idle1",1454
"mowziesmobs:umvuthana.idle2",1455
"mowziesmobs:umvuthana.idle3",1456
"mowziesmobs:umvuthana.idle4",1457
"mowziesmobs:umvuthana.idle5",1458
"mowziesmobs:umvuthana.idle6",1459
"mowziesmobs:umvuthana.idle7",1460
"mowziesmobs:umvuthana.idle8",1461
"mowziesmobs:umvuthana.inhale",1445
"mowziesmobs:umvuthana.rattle",1450
"mowziesmobs:umvuthana.retract",1448
"mowziesmobs:umvuthana.roar",1452
"mowziesmobs:umvuthana.teleport1",1469
"mowziesmobs:umvuthana.teleport2",1470
"mowziesmobs:umvuthana.teleport3",1471
"mowziesmobs:umvuthi.attack",1479
"mowziesmobs:umvuthi.belly",1473
"mowziesmobs:umvuthi.bless",1482
"mowziesmobs:umvuthi.burst",1474
"mowziesmobs:umvuthi.die",1481
"mowziesmobs:umvuthi.hurt",1480
"mowziesmobs:umvuthi.idle",1483
"mowziesmobs:umvuthi.roar",1475
"mowziesmobs:wroughtnaut.ambient",1440
"mowziesmobs:wroughtnaut.axe_hit",1444
"mowziesmobs:wroughtnaut.axe_land",1443
"mowziesmobs:wroughtnaut.creak",1423
"mowziesmobs:wroughtnaut.grunt1",1437
"mowziesmobs:wroughtnaut.grunt2",1438
"mowziesmobs:wroughtnaut.grunt3",1439
"mowziesmobs:wroughtnaut.hurt1",1435
"mowziesmobs:wroughtnaut.pre_swing1",1420
"mowziesmobs:wroughtnaut.pre_swing2",1421
"mowziesmobs:wroughtnaut.pre_swing3",1422
"mowziesmobs:wroughtnaut.pull1",1430
"mowziesmobs:wroughtnaut.pull2",1431
"mowziesmobs:wroughtnaut.pull5",1432
"mowziesmobs:wroughtnaut.release2",1433
"mowziesmobs:wroughtnaut.scream",1436
"mowziesmobs:wroughtnaut.shout1",1427
"mowziesmobs:wroughtnaut.shout2",1428
"mowziesmobs:wroughtnaut.shout3",1429
"mowziesmobs:wroughtnaut.step",1441
"mowziesmobs:wroughtnaut.swing1",1424
"mowziesmobs:wroughtnaut.swing2",1425
"mowziesmobs:wroughtnaut.swing3",1426
"mowziesmobs:wroughtnaut.undamaged",1442
"mowziesmobs:wroughtnaut.whoosh",1434
"mysterious_mountain_lib:presented_by_zaia",2251
"pots_and_mimics:pot_crab_ambient",1634
"pots_and_mimics:pot_crab_death",1636
"pots_and_mimics:pot_crab_hurt",1635
"quark:ambient.chatter",2311
"quark:ambient.clock",2309
"quark:ambient.crickets",2310
"quark:ambient.drips",2304
"quark:ambient.fire",2308
"quark:ambient.ocean",2305
"quark:ambient.rain",2306
"quark:ambient.wind",2307
"quark:block.monster_box.growl",2286
"quark:block.pipe.pickup",2288
"quark:block.pipe.pickup.lenny",2290
"quark:block.pipe.shoot",2287
"quark:block.pipe.shoot.lenny",2289
"quark:block.potato.do_it",2291
"quark:block.potato.hurt",2295
"quark:block.potato.kingbdogz",2293
"quark:block.potato.soda",2292
"quark:block.potato.yung",2294
"quark:entity.crab.die",2273
"quark:entity.crab.hurt",2274
"quark:entity.crab.idle",2275
"quark:entity.foxhound.ambient",2264
"quark:entity.foxhound.crackle",2272
"quark:entity.foxhound.death",2265
"quark:entity.foxhound.eat",2271
"quark:entity.foxhound.growl",2266
"quark:entity.foxhound.hurt",2267
"quark:entity.foxhound.pant",2268
"quark:entity.foxhound.shake",2269
"quark:entity.foxhound.whine",2270
"quark:entity.parrot.egg",2284
"quark:entity.pickarang.clank",2261
"quark:entity.pickarang.pickup",2263
"quark:entity.pickarang.spark",2262
"quark:entity.pickarang.throw",2260
"quark:entity.soul_bead.idle",2285
"quark:entity.stoneling.cry",2258
"quark:entity.stoneling.die",2257
"quark:entity.stoneling.eat",2256
"quark:entity.stoneling.give",2254
"quark:entity.stoneling.meep",2252
"quark:entity.stoneling.michael",2259
"quark:entity.stoneling.purr",2253
"quark:entity.stoneling.take",2255
"quark:entity.toretoise.angry",2279
"quark:entity.toretoise.die",2276
"quark:entity.toretoise.eat",2282
"quark:entity.toretoise.eat_satiated",2281
"quark:entity.toretoise.harvest",2280
"quark:entity.toretoise.hurt",2277
"quark:entity.toretoise.idle",2278
"quark:entity.toretoise.regrow",2283
"quark:item.bucket.empty_crab",2299
"quark:item.bucket.fill_crab",2298
"quark:item.camera.shutter",2296
"quark:item.soul_powder.spawn",2297
"quark:music.endermosh",2312
"quark:music.glimmering_weald",2313
"quark:pet.device",2300
"quark:pet.neko",2301
"quark:pet.slime",2302
"quark:pet.wire",2303
"savage_and_ravage:block.note_block.harpsichord",2034
"savage_and_ravage:block.note_block.hit_marker",2033
"savage_and_ravage:block.note_block.orchestral_hit",2035
"savage_and_ravage:entity.creeper_spores.throw",2030
"savage_and_ravage:entity.creepie.convert",2015
"savage_and_ravage:entity.creepie.death",2013
"savage_and_ravage:entity.creepie.grow",2016
"savage_and_ravage:entity.creepie.hurt",2012
"savage_and_ravage:entity.creepie.primed",2014
"savage_and_ravage:entity.iceologer.ambient",2017
"savage_and_ravage:entity.iceologer.cast_spell",2021
"savage_and_ravage:entity.iceologer.celebrate",2020
"savage_and_ravage:entity.iceologer.death",2019
"savage_and_ravage:entity.iceologer.hurt",2018
"savage_and_ravage:entity.player.cast_spell",2029
"savage_and_ravage:entity.trickster.ambient",2022
"savage_and_ravage:entity.trickster.cast_spell",2027
"savage_and_ravage:entity.trickster.celebrate",2026
"savage_and_ravage:entity.trickster.death",2025
"savage_and_ravage:entity.trickster.hurt",2024
"savage_and_ravage:entity.trickster.laugh",2028
"savage_and_ravage:entity.trickster.step",2023
"savage_and_ravage:generic.prepare_attack",2031
"savage_and_ravage:generic.puff_of_smoke",2032
"simplyswords:dark_sword_attack_01",2116
"simplyswords:dark_sword_attack_02",2117
"simplyswords:dark_sword_attack_03",2118
"simplyswords:dark_sword_attack_with_blood_01",2119
"simplyswords:dark_sword_attack_with_blood_02",2120
"simplyswords:dark_sword_attack_with_blood_03",2121
"simplyswords:dark_sword_block",2122
"simplyswords:dark_sword_breaks",2123
"simplyswords:dark_sword_enchant",2124
"simplyswords:dark_sword_parry",2125
"simplyswords:dark_sword_spell",2126
"simplyswords:dark_sword_unfold",2127
"simplyswords:dark_sword_whoosh_01",2128
"simplyswords:dark_sword_whoosh_02",2129
"simplyswords:dark_sword_whoosh_03",2130
"simplyswords:dark_sword_whoosh_04",2131
"simplyswords:elemental_bow_earth_shoot_flyby_01",2132
"simplyswords:elemental_bow_earth_shoot_flyby_02",2133
"simplyswords:elemental_bow_earth_shoot_flyby_03",2134
"simplyswords:elemental_bow_earth_shoot_impact_01",2135
"simplyswords:elemental_bow_earth_shoot_impact_02",2136
"simplyswords:elemental_bow_earth_shoot_impact_03",2137
"simplyswords:elemental_bow_fire_shoot_flyby_01",2138
"simplyswords:elemental_bow_fire_shoot_flyby_02",2139
"simplyswords:elemental_bow_fire_shoot_flyby_03",2140
"simplyswords:elemental_bow_fire_shoot_impact_01",2141
"simplyswords:elemental_bow_fire_shoot_impact_02",2142
"simplyswords:elemental_bow_fire_shoot_impact_03",2143
"simplyswords:elemental_bow_holy_shoot_flyby_01",2144
"simplyswords:elemental_bow_holy_shoot_flyby_02",2145
"simplyswords:elemental_bow_holy_shoot_flyby_03",2146
"simplyswords:elemental_bow_holy_shoot_impact_01",2147
"simplyswords:elemental_bow_holy_shoot_impact_02",2148
"simplyswords:elemental_bow_holy_shoot_impact_03",2149
"simplyswords:elemental_bow_ice_shoot_flyby_01",2150
"simplyswords:elemental_bow_ice_shoot_flyby_02",2151
"simplyswords:elemental_bow_ice_shoot_flyby_03",2152
"simplyswords:elemental_bow_ice_shoot_impact_01",2153
"simplyswords:elemental_bow_ice_shoot_impact_02",2154
"simplyswords:elemental_bow_ice_shoot_impact_03",2155
"simplyswords:elemental_bow_poison_attack_01",2156
"simplyswords:elemental_bow_poison_attack_02",2157
"simplyswords:elemental_bow_poison_attack_03",2158
"simplyswords:elemental_bow_recharge",2159
"simplyswords:elemental_bow_sci-fi_shoot_flyby_01",2160
"simplyswords:elemental_bow_sci-fi_shoot_flyby_02",2161
"simplyswords:elemental_bow_sci-fi_shoot_flyby_03",2162
"simplyswords:elemental_bow_sci-fi_shoot_impact_01",2163
"simplyswords:elemental_bow_sci-fi_shoot_impact_02",2164
"simplyswords:elemental_bow_sci-fi_shoot_impact_03",2165
"simplyswords:elemental_bow_thunder_shoot_flyby_01",2166
"simplyswords:elemental_bow_thunder_shoot_flyby_02",2167
"simplyswords:elemental_bow_thunder_shoot_flyby_03",2168
"simplyswords:elemental_bow_thunder_shoot_impact_01",2169
"simplyswords:elemental_bow_thunder_shoot_impact_02",2170
"simplyswords:elemental_bow_thunder_shoot_impact_03",2171
"simplyswords:elemental_bow_water_shoot_flyby_01",2172
"simplyswords:elemental_bow_water_shoot_flyby_02",2173
"simplyswords:elemental_bow_water_shoot_flyby_03",2174
"simplyswords:elemental_bow_water_shoot_impact_01",2175
"simplyswords:elemental_bow_water_shoot_impact_02",2176
"simplyswords:elemental_bow_water_shoot_impact_03",2177
"simplyswords:elemental_bow_wind_shoot_flyby_01",2178
"simplyswords:elemental_bow_wind_shoot_flyby_02",2179
"simplyswords:elemental_bow_wind_shoot_flyby_03",2180
"simplyswords:elemental_bow_wind_shoot_impact_01",2181
"simplyswords:elemental_bow_wind_shoot_impact_02",2182
"simplyswords:elemental_bow_wind_shoot_impact_03",2183
"simplyswords:elemental_sword_earth_attack_01",2184
"simplyswords:elemental_sword_earth_attack_02",2185
"simplyswords:elemental_sword_earth_attack_03",2186
"simplyswords:elemental_sword_fire_attack_01",2187
"simplyswords:elemental_sword_fire_attack_02",2188
"simplyswords:elemental_sword_fire_attack_03",2189
"simplyswords:elemental_sword_holy_attack_01",2190
"simplyswords:elemental_sword_holy_attack_02",2191
"simplyswords:elemental_sword_holy_attack_03",2192
"simplyswords:elemental_sword_ice_attack_01",2193
"simplyswords:elemental_sword_ice_attack_02",2194
"simplyswords:elemental_sword_ice_attack_03",2195
"simplyswords:elemental_sword_sci-fi_attack_01",2196
"simplyswords:elemental_sword_sci-fi_attack_02",2197
"simplyswords:elemental_sword_sci-fi_attack_03",2198
"simplyswords:elemental_sword_thunder_attack_01",2199
"simplyswords:elemental_sword_thunder_attack_02",2200
"simplyswords:elemental_sword_thunder_attack_03",2201
"simplyswords:elemental_sword_water_attack_01",2202
"simplyswords:elemental_sword_water_attack_02",2203
"simplyswords:elemental_sword_water_attack_03",2204
"simplyswords:elemental_sword_wind_attack_01",2205
"simplyswords:elemental_sword_wind_attack_02",2206
"simplyswords:elemental_sword_wind_attack_03",2207
"simplyswords:magic_bow_charge_long_version",2208
"simplyswords:magic_bow_charge_short_version",2209
"simplyswords:magic_bow_pull_back_long_version_01",2210
"simplyswords:magic_bow_pull_back_long_version_02",2211
"simplyswords:magic_bow_pull_back_long_version_03",2212
"simplyswords:magic_bow_pull_back_short_version_01",2213
"simplyswords:magic_bow_pull_back_short_version_02",2214
"simplyswords:magic_bow_pull_back_short_version_03",2215
"simplyswords:magic_bow_shoot_flyby_01",2216
"simplyswords:magic_bow_shoot_flyby_02",2217
"simplyswords:magic_bow_shoot_flyby_03",2218
"simplyswords:magic_bow_shoot_impact_01",2219
"simplyswords:magic_bow_shoot_impact_02",2220
"simplyswords:magic_bow_shoot_impact_03",2221
"simplyswords:magic_bow_shoot_miss_01",2222
"simplyswords:magic_bow_shoot_miss_02",2223
"simplyswords:magic_bow_shoot_miss_03",2224
"simplyswords:magic_sword_attack_01",2225
"simplyswords:magic_sword_attack_02",2226
"simplyswords:magic_sword_attack_03",2227
"simplyswords:magic_sword_attack_04",2228
"simplyswords:magic_sword_attack_with_blood_01",2229
"simplyswords:magic_sword_attack_with_blood_02",2230
"simplyswords:magic_sword_attack_with_blood_03",2231
"simplyswords:magic_sword_attack_with_blood_04",2232
"simplyswords:magic_sword_block_01",2233
"simplyswords:magic_sword_block_02",2234
"simplyswords:magic_sword_breaks",2235
"simplyswords:magic_sword_parry_01",2236
"simplyswords:magic_sword_parry_02",2237
"simplyswords:magic_sword_parry_03",2238
"simplyswords:magic_sword_parry_04",2239
"simplyswords:magic_sword_parry_various_hits",2240
"simplyswords:magic_sword_spell_01",2241
"simplyswords:magic_sword_spell_02",2242
"simplyswords:magic_sword_spell_03",2243
"simplyswords:magic_sword_whoosh_01",2244
"simplyswords:magic_sword_whoosh_02",2245
"simplyswords:magic_sword_whoosh_03",2246
"simplyswords:magic_sword_whoosh_04",2247
"simplyswords:magic_sword_whoosh_05",2248
"simplyswords:magic_sword_whoosh_06",2249
"simplyswords:magic_sword_whoosh_07",2250
"simplyswords:swing_normal",2109
"simplyswords:swing_omen_one",2114
"simplyswords:swing_omen_two",2115
"simplyswords:swing_scifi",2108
"simplyswords:swing_small",2107
"simplyswords:swing_woosh",2110
"simplyswords:throw_mjolnir",2111
"simplyswords:throw_mjolnir_long",2113
"simplyswords:throw_mjolnir_short",2112
"supplementaries:block.bellows.blow",2342
"supplementaries:block.bellows.retract",2343
"supplementaries:block.bubble_block.break",2336
"supplementaries:block.bubble_block.place",2337
"supplementaries:block.clock.tick_1",2315
"supplementaries:block.clock.tick_2",2316
"supplementaries:block.crank",2320
"supplementaries:block.faucet.turn",2345
"supplementaries:block.globe.spin",2344
"supplementaries:block.gunpowder.ignite",2319
"supplementaries:block.jar.break",2340
"supplementaries:block.jar.cookie",2341
"supplementaries:block.jar.place",2339
"supplementaries:block.present.break",2325
"supplementaries:block.present.open",2327
"supplementaries:block.present.pack",2328
"supplementaries:block.present.place",2326
"supplementaries:block.rope.break",2332
"supplementaries:block.rope.place",2333
"supplementaries:block.rope.slide",2334
"supplementaries:block.rope.step",2335
"supplementaries:block.rotate",2321
"supplementaries:block.sack.break",2329
"supplementaries:block.sack.open",2331
"supplementaries:block.sack.place",2330
"supplementaries:block.turntable.cat",2314
"supplementaries:item.bomb",2317
"supplementaries:item.bubble_blower",2338
"supplementaries:item.slingshot.charge_0",2346
"supplementaries:item.slingshot.charge_1",2347
"supplementaries:item.slingshot.charge_2",2348
"supplementaries:item.slingshot.charge_3",2349
"supplementaries:item.slingshot.release",2350
"supplementaries:item.wrench.fail",2324
"supplementaries:item.wrench.hit",2323
"supplementaries:item.wrench.rotate",2322
"supplementaries:music.pancake",2318
"tconstruct:block.earth_crystal.chime",2082
"tconstruct:block.ender_crystal.chime",2085
"tconstruct:block.ichor_crystal.chime",2084
"tconstruct:block.sky_crystal.chime",2083
"tconstruct:bonk",2092
"tconstruct:casting_clicks",2081
"tconstruct:casting_cools",2080
"tconstruct:charged",2105
"tconstruct:crossbow_reload",2102
"tconstruct:crystalshot",2091
"tconstruct:discharge",2106
"tconstruct:enderporting",2094
"tconstruct:equip.plate",2100
"tconstruct:equip.slime",2098
"tconstruct:equip.travelers",2099
"tconstruct:extra_jump",2095
"tconstruct:item_frame_click",2079
"tconstruct:little_saw",2078
"tconstruct:longbow.charge",2090
"tconstruct:necrotic_heal",2093
"tconstruct:slime_sling",2086
"tconstruct:slime_sling.teleport",2087
"tconstruct:slime_teleport",2096
"tconstruct:slimy_bounce",2097
"tconstruct:stone_hit",2103
"tconstruct:throw.shuriken",2089
"tconstruct:throw.throwball",2088
"tconstruct:toy_squeak",2101
"tconstruct:wood_hit",2104
"thermal:block.device_water_gen",1571
"thermal:block.machine_bottler",1592
"thermal:block.machine_crucible",1593
"thermal:block.machine_furnace",1594
"thermal:block.machine_pulverizer",1595
"thermal:block.machine_sawmill",1596
"thermal:block.machine_smelter",1597
"thermal:entity.basalz.ambient",1572
"thermal:entity.basalz.death",1574
"thermal:entity.basalz.hurt",1575
"thermal:entity.basalz.roam",1573
"thermal:entity.basalz.shoot",1576
"thermal:entity.blitz.ambient",1577
"thermal:entity.blitz.death",1579
"thermal:entity.blitz.hurt",1580
"thermal:entity.blitz.roam",1578
"thermal:entity.blitz.shoot",1581
"thermal:entity.blizz.ambient",1582
"thermal:entity.blizz.death",1584
"thermal:entity.blizz.hurt",1585
"thermal:entity.blizz.roam",1583
"thermal:entity.blizz.shoot",1586
"thermal:item.armor.equip_beekeeper",1589
"thermal:item.armor.equip_diving",1590
"thermal:item.armor.equip_hazmat",1591
"thermal:item.magnet",1587
"thermal:misc.tinker",1588
"unusualend:endstone_golem_death",1407
"unusualend:endstone_golem_theme",1406
"unusualend:music_disc_endstone_golem_theme",1405
"unusualend:music_disc_flying_ships",1404
"upgrade_aquatic:entity.jellyfish.ambient",2056
"upgrade_aquatic:entity.jellyfish.cooldown_end",2061
"upgrade_aquatic:entity.jellyfish.cooldown_start",2060
"upgrade_aquatic:entity.jellyfish.death",2058
"upgrade_aquatic:entity.jellyfish.ghost_vanish",2063
"upgrade_aquatic:entity.jellyfish.harvest",2059
"upgrade_aquatic:entity.jellyfish.hurt",2057
"upgrade_aquatic:entity.jellyfish.sting",2062
"upgrade_aquatic:entity.perch.ambient",2043
"upgrade_aquatic:entity.perch.death",2044
"upgrade_aquatic:entity.perch.flop",2046
"upgrade_aquatic:entity.perch.hurt",2045
"upgrade_aquatic:entity.pike.ambient",2037
"upgrade_aquatic:entity.pike.bite",2041
"upgrade_aquatic:entity.pike.death",2038
"upgrade_aquatic:entity.pike.flop",2040
"upgrade_aquatic:entity.pike.hurt",2039
"upgrade_aquatic:entity.pike.spit",2042
"upgrade_aquatic:entity.thrasher.ambient",2050
"upgrade_aquatic:entity.thrasher.ambient_land",2051
"upgrade_aquatic:entity.thrasher.death",2054
"upgrade_aquatic:entity.thrasher.death_land",2055
"upgrade_aquatic:entity.thrasher.flop",2049
"upgrade_aquatic:entity.thrasher.hurt",2052
"upgrade_aquatic:entity.thrasher.hurt_land",2053
"upgrade_aquatic:entity.thrasher.sonar_fire",2048
"upgrade_aquatic:entity.thrasher.thrash",2047
"upgrade_aquatic:item.bucket.empty_jellyfish",2064
"upgrade_aquatic:item.bucket.fill_jellyfish",2065
"upgrade_aquatic:music_disc.atlantis",2066
